"country","site_name","year","lat","lon","max","year_idx"
"GBR","Avonmouth",1968,51.51089,-2.71497,NA,1
"GBR","Avonmouth",1969,51.51089,-2.71497,NA,2
"GBR","Avonmouth",1970,51.51089,-2.71497,NA,3
"GBR","Avonmouth",1971,51.51089,-2.71497,NA,4
"GBR","Avonmouth",1972,51.51089,-2.71497,0.607976752856398,5
"GBR","Avonmouth",1973,51.51089,-2.71497,1.46719604899481,6
"GBR","Avonmouth",1974,51.51089,-2.71497,2.20236279034111,7
"GBR","Avonmouth",1975,51.51089,-2.71497,1.63730895522501,8
"GBR","Avonmouth",1976,51.51089,-2.71497,0.978214118053879,9
"GBR","Avonmouth",1977,51.51089,-2.71497,NA,10
"GBR","Avonmouth",1978,51.51089,-2.71497,NA,11
"GBR","Avonmouth",1979,51.51089,-2.71497,1.73385713758659,12
"GBR","Avonmouth",1980,51.51089,-2.71497,0.849690493067845,13
"GBR","Avonmouth",1981,51.51089,-2.71497,2.1629998672156,14
"GBR","Avonmouth",1982,51.51089,-2.71497,1.22832625436077,15
"GBR","Avonmouth",1983,51.51089,-2.71497,0.7538384956878,16
"GBR","Avonmouth",1984,51.51089,-2.71497,2.0502218698765,17
"GBR","Avonmouth",1985,51.51089,-2.71497,NA,18
"GBR","Avonmouth",1986,51.51089,-2.71497,1.48034144270771,19
"GBR","Avonmouth",1987,51.51089,-2.71497,1.51792124259388,20
"GBR","Avonmouth",1988,51.51089,-2.71497,1.76612644152184,21
"GBR","Avonmouth",1989,51.51089,-2.71497,2.05119324101408,22
"GBR","Avonmouth",1990,51.51089,-2.71497,3.29085732807367,23
"GBR","Avonmouth",1991,51.51089,-2.71497,2.20136096686327,24
"GBR","Avonmouth",1992,51.51089,-2.71497,2.00104449160573,25
"GBR","Avonmouth",1993,51.51089,-2.71497,1.60267206845495,26
"GBR","Avonmouth",1994,51.51089,-2.71497,2.31579945176435,27
"GBR","Avonmouth",1995,51.51089,-2.71497,2.50241466909526,28
"GBR","Avonmouth",1996,51.51089,-2.71497,1.52415146633476,29
"GBR","Avonmouth",1997,51.51089,-2.71497,2.51448976708996,30
"GBR","Avonmouth",1998,51.51089,-2.71497,2.98098833611608,31
"GBR","Avonmouth",1999,51.51089,-2.71497,1.38659435874321,32
"GBR","Avonmouth",2000,51.51089,-2.71497,2.19776776646652,33
"GBR","Avonmouth",2001,51.51089,-2.71497,1.56282266855264,34
"GBR","Avonmouth",2002,51.51089,-2.71497,2.751229840601,35
"GBR","Avonmouth",2003,51.51089,-2.71497,1.43732685688815,36
"GBR","Avonmouth",2004,51.51089,-2.71497,1.71477298138116,37
"GBR","Avonmouth",2005,51.51089,-2.71497,1.60256380919865,38
"GBR","Avonmouth",2006,51.51089,-2.71497,1.75587797606031,39
"GBR","Avonmouth",2007,51.51089,-2.71497,1.79645988478919,40
"GBR","Avonmouth",2008,51.51089,-2.71497,2.12383392015932,41
"GBR","Avonmouth",2009,51.51089,-2.71497,1.6667426718221,42
"GBR","Avonmouth",2010,51.51089,-2.71497,2.03991726124567,43
"GBR","Avonmouth",2011,51.51089,-2.71497,1.85912360093167,44
"GBR","Avonmouth",2012,51.51089,-2.71497,1.36561582719676,45
"GBR","Avonmouth",2013,51.51089,-2.71497,NA,46
"GBR","Avonmouth",2014,51.51089,-2.71497,NA,47
"GBR","Avonmouth",2015,51.51089,-2.71497,NA,48
"GBR","Avonmouth",2016,51.51089,-2.71497,NA,49
"GBR","Avonmouth",2017,51.51089,-2.71497,NA,50
"GBR","Avonmouth",2018,51.51089,-2.71497,NA,51
"GBR","Avonmouth",2019,51.51089,-2.71497,NA,52
"GBR","Avonmouth",2020,51.51089,-2.71497,NA,53
"GBR","Avonmouth",2021,51.51089,-2.71497,NA,54
"GBR","Avonmouth",2022,51.51089,-2.71497,NA,55
"GBR","Avonmouth",2023,51.51089,-2.71497,NA,56
"GBR","Avonmouth",2024,51.51089,-2.71497,NA,57
"GBR","Avonmouth",2025,51.51089,-2.71497,NA,58
"GBR","Bangor",1968,54.66475,-5.66947,NA,1
"GBR","Bangor",1969,54.66475,-5.66947,NA,2
"GBR","Bangor",1970,54.66475,-5.66947,NA,3
"GBR","Bangor",1971,54.66475,-5.66947,NA,4
"GBR","Bangor",1972,54.66475,-5.66947,NA,5
"GBR","Bangor",1973,54.66475,-5.66947,NA,6
"GBR","Bangor",1974,54.66475,-5.66947,NA,7
"GBR","Bangor",1975,54.66475,-5.66947,NA,8
"GBR","Bangor",1976,54.66475,-5.66947,NA,9
"GBR","Bangor",1977,54.66475,-5.66947,NA,10
"GBR","Bangor",1978,54.66475,-5.66947,NA,11
"GBR","Bangor",1979,54.66475,-5.66947,NA,12
"GBR","Bangor",1980,54.66475,-5.66947,NA,13
"GBR","Bangor",1981,54.66475,-5.66947,NA,14
"GBR","Bangor",1982,54.66475,-5.66947,NA,15
"GBR","Bangor",1983,54.66475,-5.66947,NA,16
"GBR","Bangor",1984,54.66475,-5.66947,NA,17
"GBR","Bangor",1985,54.66475,-5.66947,NA,18
"GBR","Bangor",1986,54.66475,-5.66947,NA,19
"GBR","Bangor",1987,54.66475,-5.66947,NA,20
"GBR","Bangor",1988,54.66475,-5.66947,NA,21
"GBR","Bangor",1989,54.66475,-5.66947,NA,22
"GBR","Bangor",1990,54.66475,-5.66947,NA,23
"GBR","Bangor",1991,54.66475,-5.66947,NA,24
"GBR","Bangor",1992,54.66475,-5.66947,NA,25
"GBR","Bangor",1993,54.66475,-5.66947,NA,26
"GBR","Bangor",1994,54.66475,-5.66947,0.448460941587512,27
"GBR","Bangor",1995,54.66475,-5.66947,0.554541371573807,28
"GBR","Bangor",1996,54.66475,-5.66947,1.0734159184322,29
"GBR","Bangor",1997,54.66475,-5.66947,1.02476309444995,30
"GBR","Bangor",1998,54.66475,-5.66947,1.39583837067794,31
"GBR","Bangor",1999,54.66475,-5.66947,0.939023097556561,32
"GBR","Bangor",2000,54.66475,-5.66947,0.790913040970167,33
"GBR","Bangor",2001,54.66475,-5.66947,0.32313872525444,34
"GBR","Bangor",2002,54.66475,-5.66947,0.983335701496385,35
"GBR","Bangor",2003,54.66475,-5.66947,0.626988471884185,36
"GBR","Bangor",2004,54.66475,-5.66947,0.82422285532628,37
"GBR","Bangor",2005,54.66475,-5.66947,1.05928448780742,38
"GBR","Bangor",2006,54.66475,-5.66947,1.0587821502109,39
"GBR","Bangor",2007,54.66475,-5.66947,1.01428448517911,40
"GBR","Bangor",2008,54.66475,-5.66947,0.847336791514209,41
"GBR","Bangor",2009,54.66475,-5.66947,1.11931545683121,42
"GBR","Bangor",2010,54.66475,-5.66947,0.880781322318949,43
"GBR","Bangor",2011,54.66475,-5.66947,0.97148338637328,44
"GBR","Bangor",2012,54.66475,-5.66947,1.1328241580354,45
"GBR","Bangor",2013,54.66475,-5.66947,1.10942666662274,46
"GBR","Bangor",2014,54.66475,-5.66947,1.08783251254677,47
"GBR","Bangor",2015,54.66475,-5.66947,1.14260302915735,48
"GBR","Bangor",2016,54.66475,-5.66947,0.853465727813699,49
"GBR","Bangor",2017,54.66475,-5.66947,NA,50
"GBR","Bangor",2018,54.66475,-5.66947,NA,51
"GBR","Bangor",2019,54.66475,-5.66947,NA,52
"GBR","Bangor",2020,54.66475,-5.66947,NA,53
"GBR","Bangor",2021,54.66475,-5.66947,NA,54
"GBR","Bangor",2022,54.66475,-5.66947,NA,55
"GBR","Bangor",2023,54.66475,-5.66947,NA,56
"GBR","Bangor",2024,54.66475,-5.66947,NA,57
"GBR","Bangor",2025,54.66475,-5.66947,-0.00677016523677931,58
"GBR","Barmouth",1968,52.71906,-4.04517,NA,1
"GBR","Barmouth",1969,52.71906,-4.04517,NA,2
"GBR","Barmouth",1970,52.71906,-4.04517,NA,3
"GBR","Barmouth",1971,52.71906,-4.04517,NA,4
"GBR","Barmouth",1972,52.71906,-4.04517,NA,5
"GBR","Barmouth",1973,52.71906,-4.04517,NA,6
"GBR","Barmouth",1974,52.71906,-4.04517,NA,7
"GBR","Barmouth",1975,52.71906,-4.04517,NA,8
"GBR","Barmouth",1976,52.71906,-4.04517,NA,9
"GBR","Barmouth",1977,52.71906,-4.04517,NA,10
"GBR","Barmouth",1978,52.71906,-4.04517,NA,11
"GBR","Barmouth",1979,52.71906,-4.04517,NA,12
"GBR","Barmouth",1980,52.71906,-4.04517,NA,13
"GBR","Barmouth",1981,52.71906,-4.04517,NA,14
"GBR","Barmouth",1982,52.71906,-4.04517,NA,15
"GBR","Barmouth",1983,52.71906,-4.04517,NA,16
"GBR","Barmouth",1984,52.71906,-4.04517,NA,17
"GBR","Barmouth",1985,52.71906,-4.04517,NA,18
"GBR","Barmouth",1986,52.71906,-4.04517,NA,19
"GBR","Barmouth",1987,52.71906,-4.04517,NA,20
"GBR","Barmouth",1988,52.71906,-4.04517,NA,21
"GBR","Barmouth",1989,52.71906,-4.04517,NA,22
"GBR","Barmouth",1990,52.71906,-4.04517,NA,23
"GBR","Barmouth",1991,52.71906,-4.04517,1.09752290621369,24
"GBR","Barmouth",1992,52.71906,-4.04517,0.966976932650404,25
"GBR","Barmouth",1993,52.71906,-4.04517,1.52034035416581,26
"GBR","Barmouth",1994,52.71906,-4.04517,1.87996921366947,27
"GBR","Barmouth",1995,52.71906,-4.04517,1.57408642593312,28
"GBR","Barmouth",1996,52.71906,-4.04517,1.40264940605177,29
"GBR","Barmouth",1997,52.71906,-4.04517,1.84311032837418,30
"GBR","Barmouth",1998,52.71906,-4.04517,1.54321353954579,31
"GBR","Barmouth",1999,52.71906,-4.04517,1.16021537165326,32
"GBR","Barmouth",2000,52.71906,-4.04517,2.13108379527012,33
"GBR","Barmouth",2001,52.71906,-4.04517,0.958998551172793,34
"GBR","Barmouth",2002,52.71906,-4.04517,2.1327859925677,35
"GBR","Barmouth",2003,52.71906,-4.04517,0.663054148332471,36
"GBR","Barmouth",2004,52.71906,-4.04517,NA,37
"GBR","Barmouth",2005,52.71906,-4.04517,0.81755597948751,38
"GBR","Barmouth",2006,52.71906,-4.04517,1.42149401684144,39
"GBR","Barmouth",2007,52.71906,-4.04517,1.6351745732687,40
"GBR","Barmouth",2008,52.71906,-4.04517,1.14178214574104,41
"GBR","Barmouth",2009,52.71906,-4.04517,1.27735764969233,42
"GBR","Barmouth",2010,52.71906,-4.04517,1.11075845002793,43
"GBR","Barmouth",2011,52.71906,-4.04517,0.95678210711995,44
"GBR","Barmouth",2012,52.71906,-4.04517,0.79160690783635,45
"GBR","Barmouth",2013,52.71906,-4.04517,1.84997157195025,46
"GBR","Barmouth",2014,52.71906,-4.04517,2.44655725228113,47
"GBR","Barmouth",2015,52.71906,-4.04517,1.43842300089155,48
"GBR","Barmouth",2016,52.71906,-4.04517,0.892465660457499,49
"GBR","Barmouth",2017,52.71906,-4.04517,NA,50
"GBR","Barmouth",2018,52.71906,-4.04517,NA,51
"GBR","Barmouth",2019,52.71906,-4.04517,NA,52
"GBR","Barmouth",2020,52.71906,-4.04517,0.571367684721667,53
"GBR","Barmouth",2021,52.71906,-4.04517,NA,54
"GBR","Barmouth",2022,52.71906,-4.04517,NA,55
"GBR","Barmouth",2023,52.71906,-4.04517,NA,56
"GBR","Barmouth",2024,52.71906,-4.04517,NA,57
"GBR","Barmouth",2025,52.71906,-4.04517,1.04322830502642,58
"GBR","Fishguard",1968,52.01378,-4.98333,0.513423675648653,1
"GBR","Fishguard",1969,52.01378,-4.98333,0.941436856365796,2
"GBR","Fishguard",1970,52.01378,-4.98333,0.569101054305741,3
"GBR","Fishguard",1971,52.01378,-4.98333,0.595086623782743,4
"GBR","Fishguard",1972,52.01378,-4.98333,NA,5
"GBR","Fishguard",1973,52.01378,-4.98333,0.647122640050056,6
"GBR","Fishguard",1974,52.01378,-4.98333,0.78433690820763,7
"GBR","Fishguard",1975,52.01378,-4.98333,0.748814248218708,8
"GBR","Fishguard",1976,52.01378,-4.98333,0.864107468755935,9
"GBR","Fishguard",1977,52.01378,-4.98333,0.767729975479477,10
"GBR","Fishguard",1978,52.01378,-4.98333,0.696928757580182,11
"GBR","Fishguard",1979,52.01378,-4.98333,0.660830642848998,12
"GBR","Fishguard",1980,52.01378,-4.98333,0.739888280137809,13
"GBR","Fishguard",1981,52.01378,-4.98333,0.804202791126698,14
"GBR","Fishguard",1982,52.01378,-4.98333,0.861119667892832,15
"GBR","Fishguard",1983,52.01378,-4.98333,0.690757793805606,16
"GBR","Fishguard",1984,52.01378,-4.98333,0.668976116258181,17
"GBR","Fishguard",1985,52.01378,-4.98333,0.589841199208532,18
"GBR","Fishguard",1986,52.01378,-4.98333,0.825459384076149,19
"GBR","Fishguard",1987,52.01378,-4.98333,0.886017752630812,20
"GBR","Fishguard",1988,52.01378,-4.98333,0.571702955082659,21
"GBR","Fishguard",1989,52.01378,-4.98333,1.19204054591397,22
"GBR","Fishguard",1990,52.01378,-4.98333,1.12681888990801,23
"GBR","Fishguard",1991,52.01378,-4.98333,0.638997577166402,24
"GBR","Fishguard",1992,52.01378,-4.98333,0.57695233199059,25
"GBR","Fishguard",1993,52.01378,-4.98333,0.699713289044206,26
"GBR","Fishguard",1994,52.01378,-4.98333,1.00640333102508,27
"GBR","Fishguard",1995,52.01378,-4.98333,0.830072585174419,28
"GBR","Fishguard",1996,52.01378,-4.98333,0.822407023515875,29
"GBR","Fishguard",1997,52.01378,-4.98333,0.937746128783802,30
"GBR","Fishguard",1998,52.01378,-4.98333,0.86480915934897,31
"GBR","Fishguard",1999,52.01378,-4.98333,0.721106893419235,32
"GBR","Fishguard",2000,52.01378,-4.98333,0.814477010276758,33
"GBR","Fishguard",2001,52.01378,-4.98333,0.72379854038741,34
"GBR","Fishguard",2002,52.01378,-4.98333,1.01594718752379,35
"GBR","Fishguard",2003,52.01378,-4.98333,0.609032204542982,36
"GBR","Fishguard",2004,52.01378,-4.98333,0.830445376407779,37
"GBR","Fishguard",2005,52.01378,-4.98333,0.85959740495334,38
"GBR","Fishguard",2006,52.01378,-4.98333,0.952941776584587,39
"GBR","Fishguard",2007,52.01378,-4.98333,0.89423371447248,40
"GBR","Fishguard",2008,52.01378,-4.98333,0.750477933107014,41
"GBR","Fishguard",2009,52.01378,-4.98333,0.707188716748763,42
"GBR","Fishguard",2010,52.01378,-4.98333,0.587355707557025,43
"GBR","Fishguard",2011,52.01378,-4.98333,0.554955413879293,44
"GBR","Fishguard",2012,52.01378,-4.98333,0.696713414548766,45
"GBR","Fishguard",2013,52.01378,-4.98333,0.906942348582538,46
"GBR","Fishguard",2014,52.01378,-4.98333,1.30961295127751,47
"GBR","Fishguard",2015,52.01378,-4.98333,0.821132570184514,48
"GBR","Fishguard",2016,52.01378,-4.98333,0.51599044337754,49
"GBR","Fishguard",2017,52.01378,-4.98333,0.814252815193429,50
"GBR","Fishguard",2018,52.01378,-4.98333,0.713964353171663,51
"GBR","Fishguard",2019,52.01378,-4.98333,0.713950602953785,52
"GBR","Fishguard",2020,52.01378,-4.98333,0.730339776996491,53
"GBR","Fishguard",2021,52.01378,-4.98333,0.712813932465517,54
"GBR","Fishguard",2022,52.01378,-4.98333,0.209852757648555,55
"GBR","Fishguard",2023,52.01378,-4.98333,NA,56
"GBR","Fishguard",2024,52.01378,-4.98333,NA,57
"GBR","Fishguard",2025,52.01378,-4.98333,0.881947144145155,58
"GBR","Heysham",1968,54.03167,-2.92042,1.60922700129311,1
"GBR","Heysham",1969,54.03167,-2.92042,1.04684320582888,2
"GBR","Heysham",1970,54.03167,-2.92042,NA,3
"GBR","Heysham",1971,54.03167,-2.92042,1.00651573820917,4
"GBR","Heysham",1972,54.03167,-2.92042,1.22612747994073,5
"GBR","Heysham",1973,54.03167,-2.92042,1.06061851170583,6
"GBR","Heysham",1974,54.03167,-2.92042,2.36907602790097,7
"GBR","Heysham",1975,54.03167,-2.92042,1.51649721157878,8
"GBR","Heysham",1976,54.03167,-2.92042,1.90824233278877,9
"GBR","Heysham",1977,54.03167,-2.92042,1.78811262766592,10
"GBR","Heysham",1978,54.03167,-2.92042,1.36434623989709,11
"GBR","Heysham",1979,54.03167,-2.92042,1.53119541997009,12
"GBR","Heysham",1980,54.03167,-2.92042,1.44852969761907,13
"GBR","Heysham",1981,54.03167,-2.92042,1.57675891306559,14
"GBR","Heysham",1982,54.03167,-2.92042,1.72990435818155,15
"GBR","Heysham",1983,54.03167,-2.92042,1.87662516639039,16
"GBR","Heysham",1984,54.03167,-2.92042,2.12909803099345,17
"GBR","Heysham",1985,54.03167,-2.92042,0.999003823046301,18
"GBR","Heysham",1986,54.03167,-2.92042,1.23626022337366,19
"GBR","Heysham",1987,54.03167,-2.92042,1.85527084542239,20
"GBR","Heysham",1988,54.03167,-2.92042,2.51104832601573,21
"GBR","Heysham",1989,54.03167,-2.92042,1.64619584518151,22
"GBR","Heysham",1990,54.03167,-2.92042,2.66250758325319,23
"GBR","Heysham",1991,54.03167,-2.92042,2.19281668451139,24
"GBR","Heysham",1992,54.03167,-2.92042,1.05852032218912,25
"GBR","Heysham",1993,54.03167,-2.92042,1.78914950433095,26
"GBR","Heysham",1994,54.03167,-2.92042,2.1342440879141,27
"GBR","Heysham",1995,54.03167,-2.92042,2.34957569993069,28
"GBR","Heysham",1996,54.03167,-2.92042,1.46487079830383,29
"GBR","Heysham",1997,54.03167,-2.92042,1.75703653018895,30
"GBR","Heysham",1998,54.03167,-2.92042,2.46709561173951,31
"GBR","Heysham",1999,54.03167,-2.92042,1.64325524463734,32
"GBR","Heysham",2000,54.03167,-2.92042,2.06149825022479,33
"GBR","Heysham",2001,54.03167,-2.92042,1.06885326025002,34
"GBR","Heysham",2002,54.03167,-2.92042,1.44066829119081,35
"GBR","Heysham",2003,54.03167,-2.92042,1.04008509172195,36
"GBR","Heysham",2004,54.03167,-2.92042,1.65965768793728,37
"GBR","Heysham",2005,54.03167,-2.92042,2.14780713567136,38
"GBR","Heysham",2006,54.03167,-2.92042,1.6093355106785,39
"GBR","Heysham",2007,54.03167,-2.92042,1.94476764683796,40
"GBR","Heysham",2008,54.03167,-2.92042,1.67565465044359,41
"GBR","Heysham",2009,54.03167,-2.92042,1.32532640301411,42
"GBR","Heysham",2010,54.03167,-2.92042,0.598708497012856,43
"GBR","Heysham",2011,54.03167,-2.92042,1.65233449428923,44
"GBR","Heysham",2012,54.03167,-2.92042,1.66165052789623,45
"GBR","Heysham",2013,54.03167,-2.92042,2.10051626240708,46
"GBR","Heysham",2014,54.03167,-2.92042,2.55968712984411,47
"GBR","Heysham",2015,54.03167,-2.92042,1.79844771835057,48
"GBR","Heysham",2016,54.03167,-2.92042,0.575096053601446,49
"GBR","Heysham",2017,54.03167,-2.92042,1.68755225310141,50
"GBR","Heysham",2018,54.03167,-2.92042,1.95250929533887,51
"GBR","Heysham",2019,54.03167,-2.92042,1.47952365347073,52
"GBR","Heysham",2020,54.03167,-2.92042,1.49466419925582,53
"GBR","Heysham",2021,54.03167,-2.92042,1.44204982717002,54
"GBR","Heysham",2022,54.03167,-2.92042,0.980313919518155,55
"GBR","Heysham",2023,54.03167,-2.92042,1.28424674048698,56
"GBR","Heysham",2024,54.03167,-2.92042,1.35920227349383,57
"GBR","Heysham",2025,54.03167,-2.92042,1.45441727124828,58
"GBR","Hinkley",1968,51.21525,-3.13433,NA,1
"GBR","Hinkley",1969,51.21525,-3.13433,NA,2
"GBR","Hinkley",1970,51.21525,-3.13433,NA,3
"GBR","Hinkley",1971,51.21525,-3.13433,NA,4
"GBR","Hinkley",1972,51.21525,-3.13433,NA,5
"GBR","Hinkley",1973,51.21525,-3.13433,NA,6
"GBR","Hinkley",1974,51.21525,-3.13433,NA,7
"GBR","Hinkley",1975,51.21525,-3.13433,NA,8
"GBR","Hinkley",1976,51.21525,-3.13433,NA,9
"GBR","Hinkley",1977,51.21525,-3.13433,NA,10
"GBR","Hinkley",1978,51.21525,-3.13433,NA,11
"GBR","Hinkley",1979,51.21525,-3.13433,NA,12
"GBR","Hinkley",1980,51.21525,-3.13433,NA,13
"GBR","Hinkley",1981,51.21525,-3.13433,NA,14
"GBR","Hinkley",1982,51.21525,-3.13433,NA,15
"GBR","Hinkley",1983,51.21525,-3.13433,NA,16
"GBR","Hinkley",1984,51.21525,-3.13433,NA,17
"GBR","Hinkley",1985,51.21525,-3.13433,NA,18
"GBR","Hinkley",1986,51.21525,-3.13433,NA,19
"GBR","Hinkley",1987,51.21525,-3.13433,NA,20
"GBR","Hinkley",1988,51.21525,-3.13433,NA,21
"GBR","Hinkley",1989,51.21525,-3.13433,NA,22
"GBR","Hinkley",1990,51.21525,-3.13433,1.35804921190341,23
"GBR","Hinkley",1991,51.21525,-3.13433,1.61801482827323,24
"GBR","Hinkley",1992,51.21525,-3.13433,1.69041968461306,25
"GBR","Hinkley",1993,51.21525,-3.13433,1.28640759653107,26
"GBR","Hinkley",1994,51.21525,-3.13433,2.06932485040775,27
"GBR","Hinkley",1995,51.21525,-3.13433,1.9192450615322,28
"GBR","Hinkley",1996,51.21525,-3.13433,1.21853167309257,29
"GBR","Hinkley",1997,51.21525,-3.13433,2.03163925256216,30
"GBR","Hinkley",1998,51.21525,-3.13433,2.55654576344812,31
"GBR","Hinkley",1999,51.21525,-3.13433,1.29999592232495,32
"GBR","Hinkley",2000,51.21525,-3.13433,1.91007968232979,33
"GBR","Hinkley",2001,51.21525,-3.13433,1.28856915190938,34
"GBR","Hinkley",2002,51.21525,-3.13433,1.66952218790623,35
"GBR","Hinkley",2003,51.21525,-3.13433,1.13903497000083,36
"GBR","Hinkley",2004,51.21525,-3.13433,1.32273576331513,37
"GBR","Hinkley",2005,51.21525,-3.13433,1.37672488774316,38
"GBR","Hinkley",2006,51.21525,-3.13433,1.17578200988229,39
"GBR","Hinkley",2007,51.21525,-3.13433,1.25090926378034,40
"GBR","Hinkley",2008,51.21525,-3.13433,1.35376351286654,41
"GBR","Hinkley",2009,51.21525,-3.13433,1.11015368318647,42
"GBR","Hinkley",2010,51.21525,-3.13433,0.977417519547227,43
"GBR","Hinkley",2011,51.21525,-3.13433,NA,44
"GBR","Hinkley",2012,51.21525,-3.13433,0.713973857427653,45
"GBR","Hinkley",2013,51.21525,-3.13433,1.3919018897356,46
"GBR","Hinkley",2014,51.21525,-3.13433,1.6586348013569,47
"GBR","Hinkley",2015,51.21525,-3.13433,1.00098606961794,48
"GBR","Hinkley",2016,51.21525,-3.13433,1.42355827986795,49
"GBR","Hinkley",2017,51.21525,-3.13433,1.09320864533086,50
"GBR","Hinkley",2018,51.21525,-3.13433,1.45962036419784,51
"GBR","Hinkley",2019,51.21525,-3.13433,1.38176985533309,52
"GBR","Hinkley",2020,51.21525,-3.13433,1.45283693717331,53
"GBR","Hinkley",2021,51.21525,-3.13433,0.285104247476716,54
"GBR","Hinkley",2022,51.21525,-3.13433,NA,55
"GBR","Hinkley",2023,51.21525,-3.13433,NA,56
"GBR","Hinkley",2024,51.21525,-3.13433,NA,57
"GBR","Hinkley",2025,51.21525,-3.13433,1.56740062735544,58
"GBR","Holyhead",1968,53.30777,-4.63116,0.793684615090346,1
"GBR","Holyhead",1969,53.30777,-4.63116,0.940568933564418,2
"GBR","Holyhead",1970,53.30777,-4.63116,0.717334021656449,3
"GBR","Holyhead",1971,53.30777,-4.63116,0.73104415992475,4
"GBR","Holyhead",1972,53.30777,-4.63116,0.564817980690518,5
"GBR","Holyhead",1973,53.30777,-4.63116,0.519861408317365,6
"GBR","Holyhead",1974,53.30777,-4.63116,NA,7
"GBR","Holyhead",1975,53.30777,-4.63116,NA,8
"GBR","Holyhead",1976,53.30777,-4.63116,NA,9
"GBR","Holyhead",1977,53.30777,-4.63116,0.540364535269774,10
"GBR","Holyhead",1978,53.30777,-4.63116,0.805027647666773,11
"GBR","Holyhead",1979,53.30777,-4.63116,0.77269118287765,12
"GBR","Holyhead",1980,53.30777,-4.63116,0.694737384669063,13
"GBR","Holyhead",1981,53.30777,-4.63116,1.20688163413216,14
"GBR","Holyhead",1982,53.30777,-4.63116,0.96417412196255,15
"GBR","Holyhead",1983,53.30777,-4.63116,0.994484465416112,16
"GBR","Holyhead",1984,53.30777,-4.63116,0.990301486702436,17
"GBR","Holyhead",1985,53.30777,-4.63116,0.659070752213394,18
"GBR","Holyhead",1986,53.30777,-4.63116,NA,19
"GBR","Holyhead",1987,53.30777,-4.63116,0.971198291632384,20
"GBR","Holyhead",1988,53.30777,-4.63116,1.18213590054432,21
"GBR","Holyhead",1989,53.30777,-4.63116,1.20941439885825,22
"GBR","Holyhead",1990,53.30777,-4.63116,1.23761577807097,23
"GBR","Holyhead",1991,53.30777,-4.63116,0.821695800903574,24
"GBR","Holyhead",1992,53.30777,-4.63116,NA,25
"GBR","Holyhead",1993,53.30777,-4.63116,NA,26
"GBR","Holyhead",1994,53.30777,-4.63116,NA,27
"GBR","Holyhead",1995,53.30777,-4.63116,0.746858604628261,28
"GBR","Holyhead",1996,53.30777,-4.63116,0.911875844994465,29
"GBR","Holyhead",1997,53.30777,-4.63116,1.17657358904632,30
"GBR","Holyhead",1998,53.30777,-4.63116,1.02394832990363,31
"GBR","Holyhead",1999,53.30777,-4.63116,0.802784239531263,32
"GBR","Holyhead",2000,53.30777,-4.63116,0.9680559128271,33
"GBR","Holyhead",2001,53.30777,-4.63116,0.759591282984869,34
"GBR","Holyhead",2002,53.30777,-4.63116,0.993743585103421,35
"GBR","Holyhead",2003,53.30777,-4.63116,0.768149647612711,36
"GBR","Holyhead",2004,53.30777,-4.63116,0.838669293233496,37
"GBR","Holyhead",2005,53.30777,-4.63116,0.927443741944043,38
"GBR","Holyhead",2006,53.30777,-4.63116,1.17326397842473,39
"GBR","Holyhead",2007,53.30777,-4.63116,1.03898649295326,40
"GBR","Holyhead",2008,53.30777,-4.63116,0.829606283620104,41
"GBR","Holyhead",2009,53.30777,-4.63116,0.892808890207411,42
"GBR","Holyhead",2010,53.30777,-4.63116,0.578335994289212,43
"GBR","Holyhead",2011,53.30777,-4.63116,0.802831484853794,44
"GBR","Holyhead",2012,53.30777,-4.63116,0.630291575766881,45
"GBR","Holyhead",2013,53.30777,-4.63116,1.17914558668483,46
"GBR","Holyhead",2014,53.30777,-4.63116,1.42924772455089,47
"GBR","Holyhead",2015,53.30777,-4.63116,1.09637607199323,48
"GBR","Holyhead",2016,53.30777,-4.63116,0.833887227066061,49
"GBR","Holyhead",2017,53.30777,-4.63116,1.11807724891701,50
"GBR","Holyhead",2018,53.30777,-4.63116,0.949641949511071,51
"GBR","Holyhead",2019,53.30777,-4.63116,0.812394500911026,52
"GBR","Holyhead",2020,53.30777,-4.63116,1.04572678354608,53
"GBR","Holyhead",2021,53.30777,-4.63116,0.913591958142704,54
"GBR","Holyhead",2022,53.30777,-4.63116,0.869740853422793,55
"GBR","Holyhead",2023,53.30777,-4.63116,0.862766560994349,56
"GBR","Holyhead",2024,53.30777,-4.63116,1.09542755705987,57
"GBR","Holyhead",2025,53.30777,-4.63116,1.07352866366041,58
"GBR","Ilfracombe",1968,51.21097,-4.11094,0.798572141797797,1
"GBR","Ilfracombe",1969,51.21097,-4.11094,1.19483358278602,2
"GBR","Ilfracombe",1970,51.21097,-4.11094,0.800146323972829,3
"GBR","Ilfracombe",1971,51.21097,-4.11094,0.896655484766198,4
"GBR","Ilfracombe",1972,51.21097,-4.11094,NA,5
"GBR","Ilfracombe",1973,51.21097,-4.11094,NA,6
"GBR","Ilfracombe",1974,51.21097,-4.11094,NA,7
"GBR","Ilfracombe",1975,51.21097,-4.11094,NA,8
"GBR","Ilfracombe",1976,51.21097,-4.11094,NA,9
"GBR","Ilfracombe",1977,51.21097,-4.11094,0.825335891739986,10
"GBR","Ilfracombe",1978,51.21097,-4.11094,0.577404653287526,11
"GBR","Ilfracombe",1979,51.21097,-4.11094,0.336176023371849,12
"GBR","Ilfracombe",1980,51.21097,-4.11094,NA,13
"GBR","Ilfracombe",1981,51.21097,-4.11094,0.569595433506529,14
"GBR","Ilfracombe",1982,51.21097,-4.11094,0.264915274297499,15
"GBR","Ilfracombe",1983,51.21097,-4.11094,0.775725543385395,16
"GBR","Ilfracombe",1984,51.21097,-4.11094,1.00487076992025,17
"GBR","Ilfracombe",1985,51.21097,-4.11094,0.814976571275717,18
"GBR","Ilfracombe",1986,51.21097,-4.11094,1.03294003576382,19
"GBR","Ilfracombe",1987,51.21097,-4.11094,1.40025734948422,20
"GBR","Ilfracombe",1988,51.21097,-4.11094,1.16231256250477,21
"GBR","Ilfracombe",1989,51.21097,-4.11094,1.23340732941994,22
"GBR","Ilfracombe",1990,51.21097,-4.11094,1.51164800515058,23
"GBR","Ilfracombe",1991,51.21097,-4.11094,1.04576417103025,24
"GBR","Ilfracombe",1992,51.21097,-4.11094,0.941852095246034,25
"GBR","Ilfracombe",1993,51.21097,-4.11094,0.874906886907957,26
"GBR","Ilfracombe",1994,51.21097,-4.11094,1.48250566970327,27
"GBR","Ilfracombe",1995,51.21097,-4.11094,1.49940110530909,28
"GBR","Ilfracombe",1996,51.21097,-4.11094,0.82977171758979,29
"GBR","Ilfracombe",1997,51.21097,-4.11094,0.760171342333835,30
"GBR","Ilfracombe",1998,51.21097,-4.11094,0.678417115174708,31
"GBR","Ilfracombe",1999,51.21097,-4.11094,0.526750975478442,32
"GBR","Ilfracombe",2000,51.21097,-4.11094,0.346516003351363,33
"GBR","Ilfracombe",2001,51.21097,-4.11094,NA,34
"GBR","Ilfracombe",2002,51.21097,-4.11094,0.997483759584625,35
"GBR","Ilfracombe",2003,51.21097,-4.11094,0.772520536223807,36
"GBR","Ilfracombe",2004,51.21097,-4.11094,0.929828977916438,37
"GBR","Ilfracombe",2005,51.21097,-4.11094,0.856870264698005,38
"GBR","Ilfracombe",2006,51.21097,-4.11094,0.865295865018159,39
"GBR","Ilfracombe",2007,51.21097,-4.11094,0.93543120945657,40
"GBR","Ilfracombe",2008,51.21097,-4.11094,1.00363057618555,41
"GBR","Ilfracombe",2009,51.21097,-4.11094,0.89427281828347,42
"GBR","Ilfracombe",2010,51.21097,-4.11094,0.731083833881327,43
"GBR","Ilfracombe",2011,51.21097,-4.11094,0.795096615930883,44
"GBR","Ilfracombe",2012,51.21097,-4.11094,0.726213321433207,45
"GBR","Ilfracombe",2013,51.21097,-4.11094,1.15968588263161,46
"GBR","Ilfracombe",2014,51.21097,-4.11094,1.31753277642526,47
"GBR","Ilfracombe",2015,51.21097,-4.11094,0.852676425615027,48
"GBR","Ilfracombe",2016,51.21097,-4.11094,0.791336208653491,49
"GBR","Ilfracombe",2017,51.21097,-4.11094,1.0180573121069,50
"GBR","Ilfracombe",2018,51.21097,-4.11094,1.17684047205297,51
"GBR","Ilfracombe",2019,51.21097,-4.11094,0.972899693554774,52
"GBR","Ilfracombe",2020,51.21097,-4.11094,1.18393426367721,53
"GBR","Ilfracombe",2021,51.21097,-4.11094,1.0160279468279,54
"GBR","Ilfracombe",2022,51.21097,-4.11094,1.58770769323192,55
"GBR","Ilfracombe",2023,51.21097,-4.11094,0.98622747940431,56
"GBR","Ilfracombe",2024,51.21097,-4.11094,0.999070484188634,57
"GBR","Ilfracombe",2025,51.21097,-4.11094,1.20644888962758,58
"GBR","Liverpool",1968,53.44969,-3.018,NA,1
"GBR","Liverpool",1969,53.44969,-3.018,NA,2
"GBR","Liverpool",1970,53.44969,-3.018,NA,3
"GBR","Liverpool",1971,53.44969,-3.018,NA,4
"GBR","Liverpool",1972,53.44969,-3.018,NA,5
"GBR","Liverpool",1973,53.44969,-3.018,NA,6
"GBR","Liverpool",1974,53.44969,-3.018,NA,7
"GBR","Liverpool",1975,53.44969,-3.018,NA,8
"GBR","Liverpool",1976,53.44969,-3.018,NA,9
"GBR","Liverpool",1977,53.44969,-3.018,NA,10
"GBR","Liverpool",1978,53.44969,-3.018,NA,11
"GBR","Liverpool",1979,53.44969,-3.018,NA,12
"GBR","Liverpool",1980,53.44969,-3.018,NA,13
"GBR","Liverpool",1981,53.44969,-3.018,NA,14
"GBR","Liverpool",1982,53.44969,-3.018,NA,15
"GBR","Liverpool",1983,53.44969,-3.018,NA,16
"GBR","Liverpool",1984,53.44969,-3.018,NA,17
"GBR","Liverpool",1985,53.44969,-3.018,NA,18
"GBR","Liverpool",1986,53.44969,-3.018,NA,19
"GBR","Liverpool",1987,53.44969,-3.018,NA,20
"GBR","Liverpool",1988,53.44969,-3.018,NA,21
"GBR","Liverpool",1989,53.44969,-3.018,NA,22
"GBR","Liverpool",1990,53.44969,-3.018,NA,23
"GBR","Liverpool",1991,53.44969,-3.018,0.843581580023721,24
"GBR","Liverpool",1992,53.44969,-3.018,1.01954194552856,25
"GBR","Liverpool",1993,53.44969,-3.018,1.88757575896249,26
"GBR","Liverpool",1994,53.44969,-3.018,2.11906203128751,27
"GBR","Liverpool",1995,53.44969,-3.018,1.59828659624195,28
"GBR","Liverpool",1996,53.44969,-3.018,1.43133807377032,29
"GBR","Liverpool",1997,53.44969,-3.018,2.16998959954389,30
"GBR","Liverpool",1998,53.44969,-3.018,2.03807688041267,31
"GBR","Liverpool",1999,53.44969,-3.018,1.86132718757105,32
"GBR","Liverpool",2000,53.44969,-3.018,1.72176264362986,33
"GBR","Liverpool",2001,53.44969,-3.018,1.00350951996415,34
"GBR","Liverpool",2002,53.44969,-3.018,2.23514074486484,35
"GBR","Liverpool",2003,53.44969,-3.018,0.909895877299652,36
"GBR","Liverpool",2004,53.44969,-3.018,1.57738152701068,37
"GBR","Liverpool",2005,53.44969,-3.018,1.77675564724498,38
"GBR","Liverpool",2006,53.44969,-3.018,1.58433038300159,39
"GBR","Liverpool",2007,53.44969,-3.018,2.07633041470072,40
"GBR","Liverpool",2008,53.44969,-3.018,1.73190479636515,41
"GBR","Liverpool",2009,53.44969,-3.018,1.34557588408413,42
"GBR","Liverpool",2010,53.44969,-3.018,1.63175075502926,43
"GBR","Liverpool",2011,53.44969,-3.018,1.59181640233946,44
"GBR","Liverpool",2012,53.44969,-3.018,1.032887914178,45
"GBR","Liverpool",2013,53.44969,-3.018,1.71979701157721,46
"GBR","Liverpool",2014,53.44969,-3.018,2.33095488452999,47
"GBR","Liverpool",2015,53.44969,-3.018,1.74890232203384,48
"GBR","Liverpool",2016,53.44969,-3.018,1.37397128247428,49
"GBR","Liverpool",2017,53.44969,-3.018,1.99720752819544,50
"GBR","Liverpool",2018,53.44969,-3.018,1.07181466427493,51
"GBR","Liverpool",2019,53.44969,-3.018,0.763302961149228,52
"GBR","Liverpool",2020,53.44969,-3.018,1.14304551321581,53
"GBR","Liverpool",2021,53.44969,-3.018,1.35741484440336,54
"GBR","Liverpool",2022,53.44969,-3.018,0.983239748217644,55
"GBR","Liverpool",2023,53.44969,-3.018,1.20324174615871,56
"GBR","Liverpool",2024,53.44969,-3.018,1.58127386738843,57
"GBR","Liverpool",2025,53.44969,-3.018,1.10414924156247,58
"GBR","Llandudno",1968,53.33167,-3.82522,NA,1
"GBR","Llandudno",1969,53.33167,-3.82522,NA,2
"GBR","Llandudno",1970,53.33167,-3.82522,NA,3
"GBR","Llandudno",1971,53.33167,-3.82522,0.320593721050598,4
"GBR","Llandudno",1972,53.33167,-3.82522,NA,5
"GBR","Llandudno",1973,53.33167,-3.82522,NA,6
"GBR","Llandudno",1974,53.33167,-3.82522,NA,7
"GBR","Llandudno",1975,53.33167,-3.82522,NA,8
"GBR","Llandudno",1976,53.33167,-3.82522,NA,9
"GBR","Llandudno",1977,53.33167,-3.82522,NA,10
"GBR","Llandudno",1978,53.33167,-3.82522,NA,11
"GBR","Llandudno",1979,53.33167,-3.82522,NA,12
"GBR","Llandudno",1980,53.33167,-3.82522,NA,13
"GBR","Llandudno",1981,53.33167,-3.82522,NA,14
"GBR","Llandudno",1982,53.33167,-3.82522,NA,15
"GBR","Llandudno",1983,53.33167,-3.82522,NA,16
"GBR","Llandudno",1984,53.33167,-3.82522,NA,17
"GBR","Llandudno",1985,53.33167,-3.82522,NA,18
"GBR","Llandudno",1986,53.33167,-3.82522,NA,19
"GBR","Llandudno",1987,53.33167,-3.82522,NA,20
"GBR","Llandudno",1988,53.33167,-3.82522,NA,21
"GBR","Llandudno",1989,53.33167,-3.82522,NA,22
"GBR","Llandudno",1990,53.33167,-3.82522,NA,23
"GBR","Llandudno",1991,53.33167,-3.82522,NA,24
"GBR","Llandudno",1992,53.33167,-3.82522,NA,25
"GBR","Llandudno",1993,53.33167,-3.82522,NA,26
"GBR","Llandudno",1994,53.33167,-3.82522,0.814277506313803,27
"GBR","Llandudno",1995,53.33167,-3.82522,0.894303959862207,28
"GBR","Llandudno",1996,53.33167,-3.82522,1.10892377607154,29
"GBR","Llandudno",1997,53.33167,-3.82522,1.4287301820277,30
"GBR","Llandudno",1998,53.33167,-3.82522,1.13835903324516,31
"GBR","Llandudno",1999,53.33167,-3.82522,1.15375379711536,32
"GBR","Llandudno",2000,53.33167,-3.82522,1.18327495073593,33
"GBR","Llandudno",2001,53.33167,-3.82522,0.807362340986813,34
"GBR","Llandudno",2002,53.33167,-3.82522,1.05750090813341,35
"GBR","Llandudno",2003,53.33167,-3.82522,0.69682605725888,36
"GBR","Llandudno",2004,53.33167,-3.82522,0.973087369006448,37
"GBR","Llandudno",2005,53.33167,-3.82522,1.00685367817264,38
"GBR","Llandudno",2006,53.33167,-3.82522,1.24577913509762,39
"GBR","Llandudno",2007,53.33167,-3.82522,1.12002857046402,40
"GBR","Llandudno",2008,53.33167,-3.82522,1.02227738868068,41
"GBR","Llandudno",2009,53.33167,-3.82522,1.09331736596613,42
"GBR","Llandudno",2010,53.33167,-3.82522,1.0079343156099,43
"GBR","Llandudno",2011,53.33167,-3.82522,1.09971999618011,44
"GBR","Llandudno",2012,53.33167,-3.82522,1.31215818992102,45
"GBR","Llandudno",2013,53.33167,-3.82522,1.34062085230294,46
"GBR","Llandudno",2014,53.33167,-3.82522,1.49793281192846,47
"GBR","Llandudno",2015,53.33167,-3.82522,1.38816063279456,48
"GBR","Llandudno",2016,53.33167,-3.82522,0.858862758563958,49
"GBR","Llandudno",2017,53.33167,-3.82522,1.21603073900511,50
"GBR","Llandudno",2018,53.33167,-3.82522,1.10887509593555,51
"GBR","Llandudno",2019,53.33167,-3.82522,1.01150250487019,52
"GBR","Llandudno",2020,53.33167,-3.82522,1.14712779770974,53
"GBR","Llandudno",2021,53.33167,-3.82522,1.08731672211338,54
"GBR","Llandudno",2022,53.33167,-3.82522,0.932576846064815,55
"GBR","Llandudno",2023,53.33167,-3.82522,0.855771871424219,56
"GBR","Llandudno",2024,53.33167,-3.82522,0.949639723138337,57
"GBR","Llandudno",2025,53.33167,-3.82522,0.436590204409088,58
"GBR","Milford",1968,51.70223,-5.01429,0.663384973243537,1
"GBR","Milford",1969,51.70223,-5.01429,1.13095634255092,2
"GBR","Milford",1970,51.70223,-5.01429,0.699721427596194,3
"GBR","Milford",1971,51.70223,-5.01429,0.757563127664539,4
"GBR","Milford",1972,51.70223,-5.01429,0.823981481633097,5
"GBR","Milford",1973,51.70223,-5.01429,1.02286978629262,6
"GBR","Milford",1974,51.70223,-5.01429,1.24394131634961,7
"GBR","Milford",1975,51.70223,-5.01429,0.752035302758905,8
"GBR","Milford",1976,51.70223,-5.01429,0.722293048309643,9
"GBR","Milford",1977,51.70223,-5.01429,1.11080592626918,10
"GBR","Milford",1978,51.70223,-5.01429,1.0895019987733,11
"GBR","Milford",1979,51.70223,-5.01429,0.691756567655629,12
"GBR","Milford",1980,51.70223,-5.01429,0.935570715038991,13
"GBR","Milford",1981,51.70223,-5.01429,1.0098243582711,14
"GBR","Milford",1982,51.70223,-5.01429,0.903151155204361,15
"GBR","Milford",1983,51.70223,-5.01429,0.799249103765294,16
"GBR","Milford",1984,51.70223,-5.01429,0.752243938808647,17
"GBR","Milford",1985,51.70223,-5.01429,0.580256886442444,18
"GBR","Milford",1986,51.70223,-5.01429,0.911655619660931,19
"GBR","Milford",1987,51.70223,-5.01429,1.09585948421391,20
"GBR","Milford",1988,51.70223,-5.01429,0.572223712916302,21
"GBR","Milford",1989,51.70223,-5.01429,1.32556388434418,22
"GBR","Milford",1990,51.70223,-5.01429,1.25306442813766,23
"GBR","Milford",1991,51.70223,-5.01429,0.712557961483257,24
"GBR","Milford",1992,51.70223,-5.01429,0.609554954703456,25
"GBR","Milford",1993,51.70223,-5.01429,0.779376117721731,26
"GBR","Milford",1994,51.70223,-5.01429,1.17060230952705,27
"GBR","Milford",1995,51.70223,-5.01429,1.12207635435111,28
"GBR","Milford",1996,51.70223,-5.01429,0.881606788876662,29
"GBR","Milford",1997,51.70223,-5.01429,1.37010848341702,30
"GBR","Milford",1998,51.70223,-5.01429,1.30600093636556,31
"GBR","Milford",1999,51.70223,-5.01429,0.800879797733181,32
"GBR","Milford",2000,51.70223,-5.01429,1.09294797424147,33
"GBR","Milford",2001,51.70223,-5.01429,0.732869799832584,34
"GBR","Milford",2002,51.70223,-5.01429,1.06081027731953,35
"GBR","Milford",2003,51.70223,-5.01429,0.626099517597078,36
"GBR","Milford",2004,51.70223,-5.01429,0.903854554925701,37
"GBR","Milford",2005,51.70223,-5.01429,0.773562071253383,38
"GBR","Milford",2006,51.70223,-5.01429,1.16611725107007,39
"GBR","Milford",2007,51.70223,-5.01429,0.927916245111015,40
"GBR","Milford",2008,51.70223,-5.01429,0.987992289650472,41
"GBR","Milford",2009,51.70223,-5.01429,1.06885542342259,42
"GBR","Milford",2010,51.70223,-5.01429,0.718166174175352,43
"GBR","Milford",2011,51.70223,-5.01429,0.556210370268016,44
"GBR","Milford",2012,51.70223,-5.01429,0.353156986487577,45
"GBR","Milford",2013,51.70223,-5.01429,0.932701223757863,46
"GBR","Milford",2014,51.70223,-5.01429,1.38998371533476,47
"GBR","Milford",2015,51.70223,-5.01429,0.715840117519328,48
"GBR","Milford",2016,51.70223,-5.01429,0.612966368977906,49
"GBR","Milford",2017,51.70223,-5.01429,1.00672641925787,50
"GBR","Milford",2018,51.70223,-5.01429,0.889564720108594,51
"GBR","Milford",2019,51.70223,-5.01429,0.795552453429214,52
"GBR","Milford",2020,51.70223,-5.01429,0.977966153274082,53
"GBR","Milford",2021,51.70223,-5.01429,0.772774637192603,54
"GBR","Milford",2022,51.70223,-5.01429,1.06154098548624,55
"GBR","Milford",2023,51.70223,-5.01429,0.86645533066499,56
"GBR","Milford",2024,51.70223,-5.01429,0.771280925919171,57
"GBR","Milford",2025,51.70223,-5.01429,1.11622038973925,58
"GBR","Millport",1968,55.74964,-4.90583,NA,1
"GBR","Millport",1969,55.74964,-4.90583,NA,2
"GBR","Millport",1970,55.74964,-4.90583,NA,3
"GBR","Millport",1971,55.74964,-4.90583,NA,4
"GBR","Millport",1972,55.74964,-4.90583,NA,5
"GBR","Millport",1973,55.74964,-4.90583,NA,6
"GBR","Millport",1974,55.74964,-4.90583,NA,7
"GBR","Millport",1975,55.74964,-4.90583,NA,8
"GBR","Millport",1976,55.74964,-4.90583,NA,9
"GBR","Millport",1977,55.74964,-4.90583,NA,10
"GBR","Millport",1978,55.74964,-4.90583,0.933104798126912,11
"GBR","Millport",1979,55.74964,-4.90583,NA,12
"GBR","Millport",1980,55.74964,-4.90583,NA,13
"GBR","Millport",1981,55.74964,-4.90583,1.13640727808431,14
"GBR","Millport",1982,55.74964,-4.90583,1.54596792052671,15
"GBR","Millport",1983,55.74964,-4.90583,1.37078923257132,16
"GBR","Millport",1984,55.74964,-4.90583,NA,17
"GBR","Millport",1985,55.74964,-4.90583,1.05085794974693,18
"GBR","Millport",1986,55.74964,-4.90583,1.40756944195096,19
"GBR","Millport",1987,55.74964,-4.90583,1.16150831315029,20
"GBR","Millport",1988,55.74964,-4.90583,1.79171248967352,21
"GBR","Millport",1989,55.74964,-4.90583,1.42536092916331,22
"GBR","Millport",1990,55.74964,-4.90583,1.05851068650791,23
"GBR","Millport",1991,55.74964,-4.90583,1.36136038306444,24
"GBR","Millport",1992,55.74964,-4.90583,0.994844663562726,25
"GBR","Millport",1993,55.74964,-4.90583,1.36593048977105,26
"GBR","Millport",1994,55.74964,-4.90583,1.11964165811751,27
"GBR","Millport",1995,55.74964,-4.90583,1.4228733523235,28
"GBR","Millport",1996,55.74964,-4.90583,1.48916456319708,29
"GBR","Millport",1997,55.74964,-4.90583,1.34642900497333,30
"GBR","Millport",1998,55.74964,-4.90583,1.78509413180803,31
"GBR","Millport",1999,55.74964,-4.90583,1.02216782602138,32
"GBR","Millport",2000,55.74964,-4.90583,1.0913276579967,33
"GBR","Millport",2001,55.74964,-4.90583,1.04550496667212,34
"GBR","Millport",2002,55.74964,-4.90583,1.22951059360713,35
"GBR","Millport",2003,55.74964,-4.90583,0.835321628352562,36
"GBR","Millport",2004,55.74964,-4.90583,1.00130114168437,37
"GBR","Millport",2005,55.74964,-4.90583,1.42661437370103,38
"GBR","Millport",2006,55.74964,-4.90583,1.55926471878493,39
"GBR","Millport",2007,55.74964,-4.90583,1.3319140263097,40
"GBR","Millport",2008,55.74964,-4.90583,1.27978396710329,41
"GBR","Millport",2009,55.74964,-4.90583,1.24715028478631,42
"GBR","Millport",2010,55.74964,-4.90583,1.23232592164052,43
"GBR","Millport",2011,55.74964,-4.90583,1.20498853424147,44
"GBR","Millport",2012,55.74964,-4.90583,1.69764208631726,45
"GBR","Millport",2013,55.74964,-4.90583,1.38443132917134,46
"GBR","Millport",2014,55.74964,-4.90583,1.34866465224402,47
"GBR","Millport",2015,55.74964,-4.90583,1.6878606370682,48
"GBR","Millport",2016,55.74964,-4.90583,0.951212140915174,49
"GBR","Millport",2017,55.74964,-4.90583,NA,50
"GBR","Millport",2018,55.74964,-4.90583,1.190186281343,51
"GBR","Millport",2019,55.74964,-4.90583,0.944037992505555,52
"GBR","Millport",2020,55.74964,-4.90583,1.29800804907816,53
"GBR","Millport",2021,55.74964,-4.90583,0.745628703214442,54
"GBR","Millport",2022,55.74964,-4.90583,0.92380302675765,55
"GBR","Millport",2023,55.74964,-4.90583,1.02676713512363,56
"GBR","Millport",2024,55.74964,-4.90583,1.79578362234029,57
"GBR","Millport",2025,55.74964,-4.90583,1.63461469534585,58
"GBR","Mumbles",1968,51.57,-3.97544,NA,1
"GBR","Mumbles",1969,51.57,-3.97544,NA,2
"GBR","Mumbles",1970,51.57,-3.97544,NA,3
"GBR","Mumbles",1971,51.57,-3.97544,NA,4
"GBR","Mumbles",1972,51.57,-3.97544,NA,5
"GBR","Mumbles",1973,51.57,-3.97544,NA,6
"GBR","Mumbles",1974,51.57,-3.97544,NA,7
"GBR","Mumbles",1975,51.57,-3.97544,NA,8
"GBR","Mumbles",1976,51.57,-3.97544,NA,9
"GBR","Mumbles",1977,51.57,-3.97544,NA,10
"GBR","Mumbles",1978,51.57,-3.97544,NA,11
"GBR","Mumbles",1979,51.57,-3.97544,NA,12
"GBR","Mumbles",1980,51.57,-3.97544,NA,13
"GBR","Mumbles",1981,51.57,-3.97544,NA,14
"GBR","Mumbles",1982,51.57,-3.97544,NA,15
"GBR","Mumbles",1983,51.57,-3.97544,NA,16
"GBR","Mumbles",1984,51.57,-3.97544,NA,17
"GBR","Mumbles",1985,51.57,-3.97544,NA,18
"GBR","Mumbles",1986,51.57,-3.97544,NA,19
"GBR","Mumbles",1987,51.57,-3.97544,NA,20
"GBR","Mumbles",1988,51.57,-3.97544,0.49491278745356,21
"GBR","Mumbles",1989,51.57,-3.97544,1.30456251082806,22
"GBR","Mumbles",1990,51.57,-3.97544,0.847917238466832,23
"GBR","Mumbles",1991,51.57,-3.97544,1.03716122434498,24
"GBR","Mumbles",1992,51.57,-3.97544,1.07585326067385,25
"GBR","Mumbles",1993,51.57,-3.97544,0.978404484176454,26
"GBR","Mumbles",1994,51.57,-3.97544,NA,27
"GBR","Mumbles",1995,51.57,-3.97544,NA,28
"GBR","Mumbles",1996,51.57,-3.97544,NA,29
"GBR","Mumbles",1997,51.57,-3.97544,1.13048205005631,30
"GBR","Mumbles",1998,51.57,-3.97544,1.97553727134155,31
"GBR","Mumbles",1999,51.57,-3.97544,0.835420180854169,32
"GBR","Mumbles",2000,51.57,-3.97544,1.47649254240263,33
"GBR","Mumbles",2001,51.57,-3.97544,0.973026573660974,34
"GBR","Mumbles",2002,51.57,-3.97544,1.38190151926735,35
"GBR","Mumbles",2003,51.57,-3.97544,0.900163579643757,36
"GBR","Mumbles",2004,51.57,-3.97544,0.976194267582559,37
"GBR","Mumbles",2005,51.57,-3.97544,0.942657181618461,38
"GBR","Mumbles",2006,51.57,-3.97544,0.988346702923172,39
"GBR","Mumbles",2007,51.57,-3.97544,0.741975613841592,40
"GBR","Mumbles",2008,51.57,-3.97544,0.770083409191417,41
"GBR","Mumbles",2009,51.57,-3.97544,1.21120411475005,42
"GBR","Mumbles",2010,51.57,-3.97544,0.801540753475914,43
"GBR","Mumbles",2011,51.57,-3.97544,0.503834231318302,44
"GBR","Mumbles",2012,51.57,-3.97544,0.731631780321794,45
"GBR","Mumbles",2013,51.57,-3.97544,1.14081419611201,46
"GBR","Mumbles",2014,51.57,-3.97544,1.21421845617375,47
"GBR","Mumbles",2015,51.57,-3.97544,NA,48
"GBR","Mumbles",2016,51.57,-3.97544,NA,49
"GBR","Mumbles",2017,51.57,-3.97544,NA,50
"GBR","Mumbles",2018,51.57,-3.97544,NA,51
"GBR","Mumbles",2019,51.57,-3.97544,NA,52
"GBR","Mumbles",2020,51.57,-3.97544,NA,53
"GBR","Mumbles",2021,51.57,-3.97544,NA,54
"GBR","Mumbles",2022,51.57,-3.97544,NA,55
"GBR","Mumbles",2023,51.57,-3.97544,NA,56
"GBR","Mumbles",2024,51.57,-3.97544,NA,57
"GBR","Mumbles",2025,51.57,-3.97544,NA,58
"GBR","Newport",1968,51.55,-2.98744,NA,1
"GBR","Newport",1969,51.55,-2.98744,NA,2
"GBR","Newport",1970,51.55,-2.98744,NA,3
"GBR","Newport",1971,51.55,-2.98744,NA,4
"GBR","Newport",1972,51.55,-2.98744,NA,5
"GBR","Newport",1973,51.55,-2.98744,NA,6
"GBR","Newport",1974,51.55,-2.98744,NA,7
"GBR","Newport",1975,51.55,-2.98744,NA,8
"GBR","Newport",1976,51.55,-2.98744,NA,9
"GBR","Newport",1977,51.55,-2.98744,NA,10
"GBR","Newport",1978,51.55,-2.98744,NA,11
"GBR","Newport",1979,51.55,-2.98744,NA,12
"GBR","Newport",1980,51.55,-2.98744,NA,13
"GBR","Newport",1981,51.55,-2.98744,NA,14
"GBR","Newport",1982,51.55,-2.98744,NA,15
"GBR","Newport",1983,51.55,-2.98744,NA,16
"GBR","Newport",1984,51.55,-2.98744,NA,17
"GBR","Newport",1985,51.55,-2.98744,NA,18
"GBR","Newport",1986,51.55,-2.98744,NA,19
"GBR","Newport",1987,51.55,-2.98744,NA,20
"GBR","Newport",1988,51.55,-2.98744,NA,21
"GBR","Newport",1989,51.55,-2.98744,NA,22
"GBR","Newport",1990,51.55,-2.98744,NA,23
"GBR","Newport",1991,51.55,-2.98744,NA,24
"GBR","Newport",1992,51.55,-2.98744,NA,25
"GBR","Newport",1993,51.55,-2.98744,1.58203312691931,26
"GBR","Newport",1994,51.55,-2.98744,2.15807908092412,27
"GBR","Newport",1995,51.55,-2.98744,2.37397136088018,28
"GBR","Newport",1996,51.55,-2.98744,1.41653167421135,29
"GBR","Newport",1997,51.55,-2.98744,2.35753694281668,30
"GBR","Newport",1998,51.55,-2.98744,2.87820272066668,31
"GBR","Newport",1999,51.55,-2.98744,1.67038495145938,32
"GBR","Newport",2000,51.55,-2.98744,2.12808363725037,33
"GBR","Newport",2001,51.55,-2.98744,1.65321026279841,34
"GBR","Newport",2002,51.55,-2.98744,2.24273500698066,35
"GBR","Newport",2003,51.55,-2.98744,1.37482192139008,36
"GBR","Newport",2004,51.55,-2.98744,1.58872690242724,37
"GBR","Newport",2005,51.55,-2.98744,1.83889925875252,38
"GBR","Newport",2006,51.55,-2.98744,1.56833918768322,39
"GBR","Newport",2007,51.55,-2.98744,1.47988876640341,40
"GBR","Newport",2008,51.55,-2.98744,1.42357342178123,41
"GBR","Newport",2009,51.55,-2.98744,1.69020029630157,42
"GBR","Newport",2010,51.55,-2.98744,1.33542607575028,43
"GBR","Newport",2011,51.55,-2.98744,1.53530554639131,44
"GBR","Newport",2012,51.55,-2.98744,1.47625998878084,45
"GBR","Newport",2013,51.55,-2.98744,1.31320329640291,46
"GBR","Newport",2014,51.55,-2.98744,2.20919488225355,47
"GBR","Newport",2015,51.55,-2.98744,1.29393358520194,48
"GBR","Newport",2016,51.55,-2.98744,1.68393756292876,49
"GBR","Newport",2017,51.55,-2.98744,1.37081084658264,50
"GBR","Newport",2018,51.55,-2.98744,2.03611407098469,51
"GBR","Newport",2019,51.55,-2.98744,1.72241738578591,52
"GBR","Newport",2020,51.55,-2.98744,1.54617505171542,53
"GBR","Newport",2021,51.55,-2.98744,1.39731622824583,54
"GBR","Newport",2022,51.55,-2.98744,0.961030567940107,55
"GBR","Newport",2023,51.55,-2.98744,1.44593943330613,56
"GBR","Newport",2024,51.55,-2.98744,1.58338490362653,57
"GBR","Newport",2025,51.55,-2.98744,1.96429561521634,58
"GBR","PortEllen",1968,55.62742,-6.19006,NA,1
"GBR","PortEllen",1969,55.62742,-6.19006,NA,2
"GBR","PortEllen",1970,55.62742,-6.19006,NA,3
"GBR","PortEllen",1971,55.62742,-6.19006,NA,4
"GBR","PortEllen",1972,55.62742,-6.19006,NA,5
"GBR","PortEllen",1973,55.62742,-6.19006,NA,6
"GBR","PortEllen",1974,55.62742,-6.19006,NA,7
"GBR","PortEllen",1975,55.62742,-6.19006,NA,8
"GBR","PortEllen",1976,55.62742,-6.19006,NA,9
"GBR","PortEllen",1977,55.62742,-6.19006,NA,10
"GBR","PortEllen",1978,55.62742,-6.19006,NA,11
"GBR","PortEllen",1979,55.62742,-6.19006,1.03242431619698,12
"GBR","PortEllen",1980,55.62742,-6.19006,0.517302765361888,13
"GBR","PortEllen",1981,55.62742,-6.19006,NA,14
"GBR","PortEllen",1982,55.62742,-6.19006,NA,15
"GBR","PortEllen",1983,55.62742,-6.19006,NA,16
"GBR","PortEllen",1984,55.62742,-6.19006,NA,17
"GBR","PortEllen",1985,55.62742,-6.19006,NA,18
"GBR","PortEllen",1986,55.62742,-6.19006,NA,19
"GBR","PortEllen",1987,55.62742,-6.19006,NA,20
"GBR","PortEllen",1988,55.62742,-6.19006,NA,21
"GBR","PortEllen",1989,55.62742,-6.19006,NA,22
"GBR","PortEllen",1990,55.62742,-6.19006,NA,23
"GBR","PortEllen",1991,55.62742,-6.19006,0.795231398460867,24
"GBR","PortEllen",1992,55.62742,-6.19006,0.788399448547454,25
"GBR","PortEllen",1993,55.62742,-6.19006,1.36708407437747,26
"GBR","PortEllen",1994,55.62742,-6.19006,1.03725718266782,27
"GBR","PortEllen",1995,55.62742,-6.19006,1.31797670305467,28
"GBR","PortEllen",1996,55.62742,-6.19006,1.11674102962712,29
"GBR","PortEllen",1997,55.62742,-6.19006,1.08536509932344,30
"GBR","PortEllen",1998,55.62742,-6.19006,1.49391908959523,31
"GBR","PortEllen",1999,55.62742,-6.19006,0.899304539114864,32
"GBR","PortEllen",2000,55.62742,-6.19006,0.983647227091507,33
"GBR","PortEllen",2001,55.62742,-6.19006,0.866785798765173,34
"GBR","PortEllen",2002,55.62742,-6.19006,1.03825153946813,35
"GBR","PortEllen",2003,55.62742,-6.19006,0.676284344234949,36
"GBR","PortEllen",2004,55.62742,-6.19006,0.754033587295925,37
"GBR","PortEllen",2005,55.62742,-6.19006,1.21099763085001,38
"GBR","PortEllen",2006,55.62742,-6.19006,1.16383398968148,39
"GBR","PortEllen",2007,55.62742,-6.19006,1.07562211288926,40
"GBR","PortEllen",2008,55.62742,-6.19006,1.14572081327743,41
"GBR","PortEllen",2009,55.62742,-6.19006,1.20950663211396,42
"GBR","PortEllen",2010,55.62742,-6.19006,1.0918334105334,43
"GBR","PortEllen",2011,55.62742,-6.19006,0.765969603060164,44
"GBR","PortEllen",2012,55.62742,-6.19006,NA,45
"GBR","PortEllen",2013,55.62742,-6.19006,NA,46
"GBR","PortEllen",2014,55.62742,-6.19006,NA,47
"GBR","PortEllen",2015,55.62742,-6.19006,NA,48
"GBR","PortEllen",2016,55.62742,-6.19006,NA,49
"GBR","PortEllen",2017,55.62742,-6.19006,NA,50
"GBR","PortEllen",2018,55.62742,-6.19006,NA,51
"GBR","PortEllen",2019,55.62742,-6.19006,NA,52
"GBR","PortEllen",2020,55.62742,-6.19006,NA,53
"GBR","PortEllen",2021,55.62742,-6.19006,NA,54
"GBR","PortEllen",2022,55.62742,-6.19006,NA,55
"GBR","PortEllen",2023,55.62742,-6.19006,NA,56
"GBR","PortEllen",2024,55.62742,-6.19006,NA,57
"GBR","PortEllen",2025,55.62742,-6.19006,NA,58
"GBR","PortErin",1968,54.08539,-4.76806,NA,1
"GBR","PortErin",1969,54.08539,-4.76806,NA,2
"GBR","PortErin",1970,54.08539,-4.76806,NA,3
"GBR","PortErin",1971,54.08539,-4.76806,NA,4
"GBR","PortErin",1972,54.08539,-4.76806,NA,5
"GBR","PortErin",1973,54.08539,-4.76806,NA,6
"GBR","PortErin",1974,54.08539,-4.76806,NA,7
"GBR","PortErin",1975,54.08539,-4.76806,NA,8
"GBR","PortErin",1976,54.08539,-4.76806,NA,9
"GBR","PortErin",1977,54.08539,-4.76806,NA,10
"GBR","PortErin",1978,54.08539,-4.76806,NA,11
"GBR","PortErin",1979,54.08539,-4.76806,NA,12
"GBR","PortErin",1980,54.08539,-4.76806,NA,13
"GBR","PortErin",1981,54.08539,-4.76806,NA,14
"GBR","PortErin",1982,54.08539,-4.76806,NA,15
"GBR","PortErin",1983,54.08539,-4.76806,NA,16
"GBR","PortErin",1984,54.08539,-4.76806,NA,17
"GBR","PortErin",1985,54.08539,-4.76806,NA,18
"GBR","PortErin",1986,54.08539,-4.76806,NA,19
"GBR","PortErin",1987,54.08539,-4.76806,NA,20
"GBR","PortErin",1988,54.08539,-4.76806,NA,21
"GBR","PortErin",1989,54.08539,-4.76806,NA,22
"GBR","PortErin",1990,54.08539,-4.76806,NA,23
"GBR","PortErin",1991,54.08539,-4.76806,NA,24
"GBR","PortErin",1992,54.08539,-4.76806,0.833203833300513,25
"GBR","PortErin",1993,54.08539,-4.76806,1.22252354090798,26
"GBR","PortErin",1994,54.08539,-4.76806,0.94301763396707,27
"GBR","PortErin",1995,54.08539,-4.76806,0.449228214850559,28
"GBR","PortErin",1996,54.08539,-4.76806,NA,29
"GBR","PortErin",1997,54.08539,-4.76806,NA,30
"GBR","PortErin",1998,54.08539,-4.76806,1.21144643438257,31
"GBR","PortErin",1999,54.08539,-4.76806,0.905555907665536,32
"GBR","PortErin",2000,54.08539,-4.76806,0.88562126248317,33
"GBR","PortErin",2001,54.08539,-4.76806,0.770363358403488,34
"GBR","PortErin",2002,54.08539,-4.76806,0.915435347891133,35
"GBR","PortErin",2003,54.08539,-4.76806,0.659303590568953,36
"GBR","PortErin",2004,54.08539,-4.76806,0.759183155164056,37
"GBR","PortErin",2005,54.08539,-4.76806,0.961532464714689,38
"GBR","PortErin",2006,54.08539,-4.76806,1.18806264258507,39
"GBR","PortErin",2007,54.08539,-4.76806,1.05707441182006,40
"GBR","PortErin",2008,54.08539,-4.76806,0.883437938569916,41
"GBR","PortErin",2009,54.08539,-4.76806,0.990780013857544,42
"GBR","PortErin",2010,54.08539,-4.76806,0.837783807735331,43
"GBR","PortErin",2011,54.08539,-4.76806,0.980896811980174,44
"GBR","PortErin",2012,54.08539,-4.76806,1.10295494016534,45
"GBR","PortErin",2013,54.08539,-4.76806,1.19557129355904,46
"GBR","PortErin",2014,54.08539,-4.76806,1.21658166828482,47
"GBR","PortErin",2015,54.08539,-4.76806,1.19152002230015,48
"GBR","PortErin",2016,54.08539,-4.76806,0.821569557459426,49
"GBR","PortErin",2017,54.08539,-4.76806,1.07815878638114,50
"GBR","PortErin",2018,54.08539,-4.76806,0.817869755326731,51
"GBR","PortErin",2019,54.08539,-4.76806,0.798706141085595,52
"GBR","PortErin",2020,54.08539,-4.76806,1.02127412963933,53
"GBR","PortErin",2021,54.08539,-4.76806,0.935395727722257,54
"GBR","PortErin",2022,54.08539,-4.76806,0.852596569341486,55
"GBR","PortErin",2023,54.08539,-4.76806,0.867874411360818,56
"GBR","PortErin",2024,54.08539,-4.76806,0.959471471561235,57
"GBR","PortErin",2025,54.08539,-4.76806,1.12798240780046,58
"GBR","Portbury",1968,51.50002,-2.72848,NA,1
"GBR","Portbury",1969,51.50002,-2.72848,NA,2
"GBR","Portbury",1970,51.50002,-2.72848,NA,3
"GBR","Portbury",1971,51.50002,-2.72848,NA,4
"GBR","Portbury",1972,51.50002,-2.72848,NA,5
"GBR","Portbury",1973,51.50002,-2.72848,NA,6
"GBR","Portbury",1974,51.50002,-2.72848,NA,7
"GBR","Portbury",1975,51.50002,-2.72848,NA,8
"GBR","Portbury",1976,51.50002,-2.72848,NA,9
"GBR","Portbury",1977,51.50002,-2.72848,NA,10
"GBR","Portbury",1978,51.50002,-2.72848,NA,11
"GBR","Portbury",1979,51.50002,-2.72848,NA,12
"GBR","Portbury",1980,51.50002,-2.72848,NA,13
"GBR","Portbury",1981,51.50002,-2.72848,NA,14
"GBR","Portbury",1982,51.50002,-2.72848,NA,15
"GBR","Portbury",1983,51.50002,-2.72848,NA,16
"GBR","Portbury",1984,51.50002,-2.72848,NA,17
"GBR","Portbury",1985,51.50002,-2.72848,NA,18
"GBR","Portbury",1986,51.50002,-2.72848,NA,19
"GBR","Portbury",1987,51.50002,-2.72848,NA,20
"GBR","Portbury",1988,51.50002,-2.72848,NA,21
"GBR","Portbury",1989,51.50002,-2.72848,NA,22
"GBR","Portbury",1990,51.50002,-2.72848,NA,23
"GBR","Portbury",1991,51.50002,-2.72848,NA,24
"GBR","Portbury",1992,51.50002,-2.72848,NA,25
"GBR","Portbury",1993,51.50002,-2.72848,NA,26
"GBR","Portbury",1994,51.50002,-2.72848,NA,27
"GBR","Portbury",1995,51.50002,-2.72848,NA,28
"GBR","Portbury",1996,51.50002,-2.72848,NA,29
"GBR","Portbury",1997,51.50002,-2.72848,NA,30
"GBR","Portbury",1998,51.50002,-2.72848,NA,31
"GBR","Portbury",1999,51.50002,-2.72848,NA,32
"GBR","Portbury",2000,51.50002,-2.72848,NA,33
"GBR","Portbury",2001,51.50002,-2.72848,NA,34
"GBR","Portbury",2002,51.50002,-2.72848,NA,35
"GBR","Portbury",2003,51.50002,-2.72848,NA,36
"GBR","Portbury",2004,51.50002,-2.72848,NA,37
"GBR","Portbury",2005,51.50002,-2.72848,NA,38
"GBR","Portbury",2006,51.50002,-2.72848,NA,39
"GBR","Portbury",2007,51.50002,-2.72848,NA,40
"GBR","Portbury",2008,51.50002,-2.72848,1.42352024880915,41
"GBR","Portbury",2009,51.50002,-2.72848,1.58854623283865,42
"GBR","Portbury",2010,51.50002,-2.72848,1.50508711831142,43
"GBR","Portbury",2011,51.50002,-2.72848,1.34597103286484,44
"GBR","Portbury",2012,51.50002,-2.72848,1.20964241937798,45
"GBR","Portbury",2013,51.50002,-2.72848,1.52853481250658,46
"GBR","Portbury",2014,51.50002,-2.72848,2.43376899218577,47
"GBR","Portbury",2015,51.50002,-2.72848,1.47299131243177,48
"GBR","Portbury",2016,51.50002,-2.72848,1.74888061744057,49
"GBR","Portbury",2017,51.50002,-2.72848,1.4639870567894,50
"GBR","Portbury",2018,51.50002,-2.72848,NA,51
"GBR","Portbury",2019,51.50002,-2.72848,NA,52
"GBR","Portbury",2020,51.50002,-2.72848,NA,53
"GBR","Portbury",2021,51.50002,-2.72848,NA,54
"GBR","Portbury",2022,51.50002,-2.72848,NA,55
"GBR","Portbury",2023,51.50002,-2.72848,NA,56
"GBR","Portbury",2024,51.50002,-2.72848,NA,57
"GBR","Portbury",2025,51.50002,-2.72848,1.27119948692758,58
"GBR","Portpatrick",1968,54.84256,-5.12003,1.23238430258865,1
"GBR","Portpatrick",1969,54.84256,-5.12003,0.745077439407476,2
"GBR","Portpatrick",1970,54.84256,-5.12003,0.967978228125332,3
"GBR","Portpatrick",1971,54.84256,-5.12003,0.735237385474962,4
"GBR","Portpatrick",1972,54.84256,-5.12003,0.960728145117521,5
"GBR","Portpatrick",1973,54.84256,-5.12003,0.691862095095219,6
"GBR","Portpatrick",1974,54.84256,-5.12003,1.64441909275145,7
"GBR","Portpatrick",1975,54.84256,-5.12003,1.05028542741411,8
"GBR","Portpatrick",1976,54.84256,-5.12003,0.889795506973556,9
"GBR","Portpatrick",1977,54.84256,-5.12003,0.921760493565365,10
"GBR","Portpatrick",1978,54.84256,-5.12003,0.846373589031377,11
"GBR","Portpatrick",1979,54.84256,-5.12003,0.807466707985308,12
"GBR","Portpatrick",1980,54.84256,-5.12003,0.786204825703113,13
"GBR","Portpatrick",1981,54.84256,-5.12003,1.06918917782407,14
"GBR","Portpatrick",1982,54.84256,-5.12003,1.11345839782781,15
"GBR","Portpatrick",1983,54.84256,-5.12003,0.980987955756785,16
"GBR","Portpatrick",1984,54.84256,-5.12003,1.10419044079674,17
"GBR","Portpatrick",1985,54.84256,-5.12003,0.819748673710698,18
"GBR","Portpatrick",1986,54.84256,-5.12003,1.01293249074877,19
"GBR","Portpatrick",1987,54.84256,-5.12003,0.932626224409821,20
"GBR","Portpatrick",1988,54.84256,-5.12003,1.40914858935828,21
"GBR","Portpatrick",1989,54.84256,-5.12003,-0.027128343483413,22
"GBR","Portpatrick",1990,54.84256,-5.12003,1.04559645232692,23
"GBR","Portpatrick",1991,54.84256,-5.12003,1.1297799718757,24
"GBR","Portpatrick",1992,54.84256,-5.12003,0.936902645547303,25
"GBR","Portpatrick",1993,54.84256,-5.12003,1.28287076924753,26
"GBR","Portpatrick",1994,54.84256,-5.12003,0.975348640198355,27
"GBR","Portpatrick",1995,54.84256,-5.12003,1.22250336359527,28
"GBR","Portpatrick",1996,54.84256,-5.12003,1.03913038898969,29
"GBR","Portpatrick",1997,54.84256,-5.12003,1.08715971828164,30
"GBR","Portpatrick",1998,54.84256,-5.12003,1.60871268117172,31
"GBR","Portpatrick",1999,54.84256,-5.12003,0.984076987458249,32
"GBR","Portpatrick",2000,54.84256,-5.12003,1.01749882953935,33
"GBR","Portpatrick",2001,54.84256,-5.12003,0.861007368505258,34
"GBR","Portpatrick",2002,54.84256,-5.12003,1.07428147820821,35
"GBR","Portpatrick",2003,54.84256,-5.12003,0.775811129827012,36
"GBR","Portpatrick",2004,54.84256,-5.12003,0.832666171942519,37
"GBR","Portpatrick",2005,54.84256,-5.12003,1.08493405009355,38
"GBR","Portpatrick",2006,54.84256,-5.12003,1.2183840901029,39
"GBR","Portpatrick",2007,54.84256,-5.12003,1.10091906005454,40
"GBR","Portpatrick",2008,54.84256,-5.12003,0.935691173912386,41
"GBR","Portpatrick",2009,54.84256,-5.12003,1.1171416836361,42
"GBR","Portpatrick",2010,54.84256,-5.12003,0.633172937716953,43
"GBR","Portpatrick",2011,54.84256,-5.12003,1.04863540043599,44
"GBR","Portpatrick",2012,54.84256,-5.12003,1.20717789197247,45
"GBR","Portpatrick",2013,54.84256,-5.12003,1.41585583919275,46
"GBR","Portpatrick",2014,54.84256,-5.12003,1.2840306701786,47
"GBR","Portpatrick",2015,54.84256,-5.12003,1.34232043086446,48
"GBR","Portpatrick",2016,54.84256,-5.12003,0.904975375698468,49
"GBR","Portpatrick",2017,54.84256,-5.12003,1.45542870219797,50
"GBR","Portpatrick",2018,54.84256,-5.12003,0.943017252593539,51
"GBR","Portpatrick",2019,54.84256,-5.12003,0.686088593405148,52
"GBR","Portpatrick",2020,54.84256,-5.12003,1.11909265081601,53
"GBR","Portpatrick",2021,54.84256,-5.12003,1.19541871784456,54
"GBR","Portpatrick",2022,54.84256,-5.12003,0.891641788783771,55
"GBR","Portpatrick",2023,54.84256,-5.12003,0.915210942718292,56
"GBR","Portpatrick",2024,54.84256,-5.12003,1.4912698413923,57
"GBR","Portpatrick",2025,54.84256,-5.12003,1.52903685535962,58
"GBR","Portrush",1968,55.20678,-6.65683,NA,1
"GBR","Portrush",1969,55.20678,-6.65683,NA,2
"GBR","Portrush",1970,55.20678,-6.65683,NA,3
"GBR","Portrush",1971,55.20678,-6.65683,NA,4
"GBR","Portrush",1972,55.20678,-6.65683,NA,5
"GBR","Portrush",1973,55.20678,-6.65683,NA,6
"GBR","Portrush",1974,55.20678,-6.65683,NA,7
"GBR","Portrush",1975,55.20678,-6.65683,NA,8
"GBR","Portrush",1976,55.20678,-6.65683,NA,9
"GBR","Portrush",1977,55.20678,-6.65683,NA,10
"GBR","Portrush",1978,55.20678,-6.65683,NA,11
"GBR","Portrush",1979,55.20678,-6.65683,NA,12
"GBR","Portrush",1980,55.20678,-6.65683,NA,13
"GBR","Portrush",1981,55.20678,-6.65683,NA,14
"GBR","Portrush",1982,55.20678,-6.65683,NA,15
"GBR","Portrush",1983,55.20678,-6.65683,NA,16
"GBR","Portrush",1984,55.20678,-6.65683,NA,17
"GBR","Portrush",1985,55.20678,-6.65683,NA,18
"GBR","Portrush",1986,55.20678,-6.65683,NA,19
"GBR","Portrush",1987,55.20678,-6.65683,NA,20
"GBR","Portrush",1988,55.20678,-6.65683,NA,21
"GBR","Portrush",1989,55.20678,-6.65683,NA,22
"GBR","Portrush",1990,55.20678,-6.65683,NA,23
"GBR","Portrush",1991,55.20678,-6.65683,NA,24
"GBR","Portrush",1992,55.20678,-6.65683,NA,25
"GBR","Portrush",1993,55.20678,-6.65683,NA,26
"GBR","Portrush",1994,55.20678,-6.65683,NA,27
"GBR","Portrush",1995,55.20678,-6.65683,0.73826009521915,28
"GBR","Portrush",1996,55.20678,-6.65683,1.05775378380051,29
"GBR","Portrush",1997,55.20678,-6.65683,0.906826055640565,30
"GBR","Portrush",1998,55.20678,-6.65683,1.02896132551598,31
"GBR","Portrush",1999,55.20678,-6.65683,0.857937718480894,32
"GBR","Portrush",2000,55.20678,-6.65683,0.856738182423637,33
"GBR","Portrush",2001,55.20678,-6.65683,0.681818778246906,34
"GBR","Portrush",2002,55.20678,-6.65683,1.04222215671468,35
"GBR","Portrush",2003,55.20678,-6.65683,0.651222155806909,36
"GBR","Portrush",2004,55.20678,-6.65683,0.806217689255979,37
"GBR","Portrush",2005,55.20678,-6.65683,1.14182074706099,38
"GBR","Portrush",2006,55.20678,-6.65683,0.930610156690737,39
"GBR","Portrush",2007,55.20678,-6.65683,0.98608010547206,40
"GBR","Portrush",2008,55.20678,-6.65683,1.1422730267754,41
"GBR","Portrush",2009,55.20678,-6.65683,1.16895923811643,42
"GBR","Portrush",2010,55.20678,-6.65683,1.04938338819579,43
"GBR","Portrush",2011,55.20678,-6.65683,0.972332688060801,44
"GBR","Portrush",2012,55.20678,-6.65683,1.15818958664154,45
"GBR","Portrush",2013,55.20678,-6.65683,1.14922892178959,46
"GBR","Portrush",2014,55.20678,-6.65683,0.985176385702111,47
"GBR","Portrush",2015,55.20678,-6.65683,1.20130012189335,48
"GBR","Portrush",2016,55.20678,-6.65683,0.914968386198492,49
"GBR","Portrush",2017,55.20678,-6.65683,0.614304612870941,50
"GBR","Portrush",2018,55.20678,-6.65683,0.681264379439058,51
"GBR","Portrush",2019,55.20678,-6.65683,0.57708499573055,52
"GBR","Portrush",2020,55.20678,-6.65683,1.14577557997756,53
"GBR","Portrush",2021,55.20678,-6.65683,0.575464619774921,54
"GBR","Portrush",2022,55.20678,-6.65683,0.568076194657087,55
"GBR","Portrush",2023,55.20678,-6.65683,0.789697245978335,56
"GBR","Portrush",2024,55.20678,-6.65683,1.40774186143039,57
"GBR","Portrush",2025,55.20678,-6.65683,1.15619696586936,58
"GBR","Workington",1968,54.65081,-3.56764,NA,1
"GBR","Workington",1969,54.65081,-3.56764,NA,2
"GBR","Workington",1970,54.65081,-3.56764,NA,3
"GBR","Workington",1971,54.65081,-3.56764,NA,4
"GBR","Workington",1972,54.65081,-3.56764,NA,5
"GBR","Workington",1973,54.65081,-3.56764,NA,6
"GBR","Workington",1974,54.65081,-3.56764,NA,7
"GBR","Workington",1975,54.65081,-3.56764,NA,8
"GBR","Workington",1976,54.65081,-3.56764,NA,9
"GBR","Workington",1977,54.65081,-3.56764,NA,10
"GBR","Workington",1978,54.65081,-3.56764,NA,11
"GBR","Workington",1979,54.65081,-3.56764,NA,12
"GBR","Workington",1980,54.65081,-3.56764,NA,13
"GBR","Workington",1981,54.65081,-3.56764,NA,14
"GBR","Workington",1982,54.65081,-3.56764,NA,15
"GBR","Workington",1983,54.65081,-3.56764,NA,16
"GBR","Workington",1984,54.65081,-3.56764,NA,17
"GBR","Workington",1985,54.65081,-3.56764,NA,18
"GBR","Workington",1986,54.65081,-3.56764,NA,19
"GBR","Workington",1987,54.65081,-3.56764,NA,20
"GBR","Workington",1988,54.65081,-3.56764,NA,21
"GBR","Workington",1989,54.65081,-3.56764,NA,22
"GBR","Workington",1990,54.65081,-3.56764,NA,23
"GBR","Workington",1991,54.65081,-3.56764,NA,24
"GBR","Workington",1992,54.65081,-3.56764,0.984183832981569,25
"GBR","Workington",1993,54.65081,-3.56764,1.75164698280645,26
"GBR","Workington",1994,54.65081,-3.56764,1.45703703799151,27
"GBR","Workington",1995,54.65081,-3.56764,1.80321027846913,28
"GBR","Workington",1996,54.65081,-3.56764,1.35526867376371,29
"GBR","Workington",1997,54.65081,-3.56764,1.82554190290601,30
"GBR","Workington",1998,54.65081,-3.56764,1.88285428684504,31
"GBR","Workington",1999,54.65081,-3.56764,1.64626488722592,32
"GBR","Workington",2000,54.65081,-3.56764,1.29848564235519,33
"GBR","Workington",2001,54.65081,-3.56764,1.06960044382204,34
"GBR","Workington",2002,54.65081,-3.56764,1.42062814777336,35
"GBR","Workington",2003,54.65081,-3.56764,0.959224812309069,36
"GBR","Workington",2004,54.65081,-3.56764,1.23025898588267,37
"GBR","Workington",2005,54.65081,-3.56764,2.0480056273929,38
"GBR","Workington",2006,54.65081,-3.56764,1.53098719190995,39
"GBR","Workington",2007,54.65081,-3.56764,1.38411310843192,40
"GBR","Workington",2008,54.65081,-3.56764,1.26371814248016,41
"GBR","Workington",2009,54.65081,-3.56764,1.36217947717534,42
"GBR","Workington",2010,54.65081,-3.56764,1.24828385250459,43
"GBR","Workington",2011,54.65081,-3.56764,1.42323568757992,44
"GBR","Workington",2012,54.65081,-3.56764,1.48475588203889,45
"GBR","Workington",2013,54.65081,-3.56764,1.8754202522063,46
"GBR","Workington",2014,54.65081,-3.56764,1.82908373565574,47
"GBR","Workington",2015,54.65081,-3.56764,1.51353880984295,48
"GBR","Workington",2016,54.65081,-3.56764,1.17965144559398,49
"GBR","Workington",2017,54.65081,-3.56764,1.74191494385282,50
"GBR","Workington",2018,54.65081,-3.56764,1.54167670494616,51
"GBR","Workington",2019,54.65081,-3.56764,1.14080488296225,52
"GBR","Workington",2020,54.65081,-3.56764,1.4598302378703,53
"GBR","Workington",2021,54.65081,-3.56764,1.21951952180847,54
"GBR","Workington",2022,54.65081,-3.56764,1.09653553090956,55
"GBR","Workington",2023,54.65081,-3.56764,1.14144951330394,56
"GBR","Workington",2024,54.65081,-3.56764,1.31943560423515,57
"GBR","Workington",2025,54.65081,-3.56764,1.30644973488376,58
"IRL","AranmoreIsland-Leabgarrow",1968,54.9905,-8.4955,NA,1
"IRL","AranmoreIsland-Leabgarrow",1969,54.9905,-8.4955,NA,2
"IRL","AranmoreIsland-Leabgarrow",1970,54.9905,-8.4955,NA,3
"IRL","AranmoreIsland-Leabgarrow",1971,54.9905,-8.4955,NA,4
"IRL","AranmoreIsland-Leabgarrow",1972,54.9905,-8.4955,NA,5
"IRL","AranmoreIsland-Leabgarrow",1973,54.9905,-8.4955,NA,6
"IRL","AranmoreIsland-Leabgarrow",1974,54.9905,-8.4955,NA,7
"IRL","AranmoreIsland-Leabgarrow",1975,54.9905,-8.4955,NA,8
"IRL","AranmoreIsland-Leabgarrow",1976,54.9905,-8.4955,NA,9
"IRL","AranmoreIsland-Leabgarrow",1977,54.9905,-8.4955,NA,10
"IRL","AranmoreIsland-Leabgarrow",1978,54.9905,-8.4955,NA,11
"IRL","AranmoreIsland-Leabgarrow",1979,54.9905,-8.4955,NA,12
"IRL","AranmoreIsland-Leabgarrow",1980,54.9905,-8.4955,NA,13
"IRL","AranmoreIsland-Leabgarrow",1981,54.9905,-8.4955,NA,14
"IRL","AranmoreIsland-Leabgarrow",1982,54.9905,-8.4955,NA,15
"IRL","AranmoreIsland-Leabgarrow",1983,54.9905,-8.4955,NA,16
"IRL","AranmoreIsland-Leabgarrow",1984,54.9905,-8.4955,NA,17
"IRL","AranmoreIsland-Leabgarrow",1985,54.9905,-8.4955,NA,18
"IRL","AranmoreIsland-Leabgarrow",1986,54.9905,-8.4955,NA,19
"IRL","AranmoreIsland-Leabgarrow",1987,54.9905,-8.4955,NA,20
"IRL","AranmoreIsland-Leabgarrow",1988,54.9905,-8.4955,NA,21
"IRL","AranmoreIsland-Leabgarrow",1989,54.9905,-8.4955,NA,22
"IRL","AranmoreIsland-Leabgarrow",1990,54.9905,-8.4955,NA,23
"IRL","AranmoreIsland-Leabgarrow",1991,54.9905,-8.4955,NA,24
"IRL","AranmoreIsland-Leabgarrow",1992,54.9905,-8.4955,NA,25
"IRL","AranmoreIsland-Leabgarrow",1993,54.9905,-8.4955,NA,26
"IRL","AranmoreIsland-Leabgarrow",1994,54.9905,-8.4955,NA,27
"IRL","AranmoreIsland-Leabgarrow",1995,54.9905,-8.4955,NA,28
"IRL","AranmoreIsland-Leabgarrow",1996,54.9905,-8.4955,NA,29
"IRL","AranmoreIsland-Leabgarrow",1997,54.9905,-8.4955,NA,30
"IRL","AranmoreIsland-Leabgarrow",1998,54.9905,-8.4955,NA,31
"IRL","AranmoreIsland-Leabgarrow",1999,54.9905,-8.4955,NA,32
"IRL","AranmoreIsland-Leabgarrow",2000,54.9905,-8.4955,NA,33
"IRL","AranmoreIsland-Leabgarrow",2001,54.9905,-8.4955,NA,34
"IRL","AranmoreIsland-Leabgarrow",2002,54.9905,-8.4955,NA,35
"IRL","AranmoreIsland-Leabgarrow",2003,54.9905,-8.4955,NA,36
"IRL","AranmoreIsland-Leabgarrow",2004,54.9905,-8.4955,NA,37
"IRL","AranmoreIsland-Leabgarrow",2005,54.9905,-8.4955,NA,38
"IRL","AranmoreIsland-Leabgarrow",2006,54.9905,-8.4955,NA,39
"IRL","AranmoreIsland-Leabgarrow",2007,54.9905,-8.4955,NA,40
"IRL","AranmoreIsland-Leabgarrow",2008,54.9905,-8.4955,0.205960465803153,41
"IRL","AranmoreIsland-Leabgarrow",2009,54.9905,-8.4955,0.853965596546044,42
"IRL","AranmoreIsland-Leabgarrow",2010,54.9905,-8.4955,1.04847669976443,43
"IRL","AranmoreIsland-Leabgarrow",2011,54.9905,-8.4955,0.92520746286714,44
"IRL","AranmoreIsland-Leabgarrow",2012,54.9905,-8.4955,0.834024539399492,45
"IRL","AranmoreIsland-Leabgarrow",2013,54.9905,-8.4955,1.15136892880271,46
"IRL","AranmoreIsland-Leabgarrow",2014,54.9905,-8.4955,0.98613766564021,47
"IRL","AranmoreIsland-Leabgarrow",2015,54.9905,-8.4955,1.30644931582219,48
"IRL","AranmoreIsland-Leabgarrow",2016,54.9905,-8.4955,0.861371370975036,49
"IRL","AranmoreIsland-Leabgarrow",2017,54.9905,-8.4955,0.776607152403797,50
"IRL","AranmoreIsland-Leabgarrow",2018,54.9905,-8.4955,0.980146545553466,51
"IRL","AranmoreIsland-Leabgarrow",2019,54.9905,-8.4955,0.817570954200352,52
"IRL","AranmoreIsland-Leabgarrow",2020,54.9905,-8.4955,1.18492841361406,53
"IRL","AranmoreIsland-Leabgarrow",2021,54.9905,-8.4955,0.752264017719414,54
"IRL","AranmoreIsland-Leabgarrow",2022,54.9905,-8.4955,0.776919908514112,55
"IRL","AranmoreIsland-Leabgarrow",2023,54.9905,-8.4955,0.906812224731164,56
"IRL","AranmoreIsland-Leabgarrow",2024,54.9905,-8.4955,0.517120588883702,57
"IRL","AranmoreIsland-Leabgarrow",2025,54.9905,-8.4955,NA,58
"IRL","ArklowHarbour",1968,52.792,-6.1452,NA,1
"IRL","ArklowHarbour",1969,52.792,-6.1452,NA,2
"IRL","ArklowHarbour",1970,52.792,-6.1452,NA,3
"IRL","ArklowHarbour",1971,52.792,-6.1452,NA,4
"IRL","ArklowHarbour",1972,52.792,-6.1452,NA,5
"IRL","ArklowHarbour",1973,52.792,-6.1452,NA,6
"IRL","ArklowHarbour",1974,52.792,-6.1452,NA,7
"IRL","ArklowHarbour",1975,52.792,-6.1452,NA,8
"IRL","ArklowHarbour",1976,52.792,-6.1452,NA,9
"IRL","ArklowHarbour",1977,52.792,-6.1452,NA,10
"IRL","ArklowHarbour",1978,52.792,-6.1452,NA,11
"IRL","ArklowHarbour",1979,52.792,-6.1452,NA,12
"IRL","ArklowHarbour",1980,52.792,-6.1452,NA,13
"IRL","ArklowHarbour",1981,52.792,-6.1452,NA,14
"IRL","ArklowHarbour",1982,52.792,-6.1452,NA,15
"IRL","ArklowHarbour",1983,52.792,-6.1452,NA,16
"IRL","ArklowHarbour",1984,52.792,-6.1452,NA,17
"IRL","ArklowHarbour",1985,52.792,-6.1452,NA,18
"IRL","ArklowHarbour",1986,52.792,-6.1452,NA,19
"IRL","ArklowHarbour",1987,52.792,-6.1452,NA,20
"IRL","ArklowHarbour",1988,52.792,-6.1452,NA,21
"IRL","ArklowHarbour",1989,52.792,-6.1452,NA,22
"IRL","ArklowHarbour",1990,52.792,-6.1452,NA,23
"IRL","ArklowHarbour",1991,52.792,-6.1452,NA,24
"IRL","ArklowHarbour",1992,52.792,-6.1452,NA,25
"IRL","ArklowHarbour",1993,52.792,-6.1452,NA,26
"IRL","ArklowHarbour",1994,52.792,-6.1452,NA,27
"IRL","ArklowHarbour",1995,52.792,-6.1452,NA,28
"IRL","ArklowHarbour",1996,52.792,-6.1452,NA,29
"IRL","ArklowHarbour",1997,52.792,-6.1452,NA,30
"IRL","ArklowHarbour",1998,52.792,-6.1452,NA,31
"IRL","ArklowHarbour",1999,52.792,-6.1452,NA,32
"IRL","ArklowHarbour",2000,52.792,-6.1452,NA,33
"IRL","ArklowHarbour",2001,52.792,-6.1452,NA,34
"IRL","ArklowHarbour",2002,52.792,-6.1452,NA,35
"IRL","ArklowHarbour",2003,52.792,-6.1452,NA,36
"IRL","ArklowHarbour",2004,52.792,-6.1452,NA,37
"IRL","ArklowHarbour",2005,52.792,-6.1452,NA,38
"IRL","ArklowHarbour",2006,52.792,-6.1452,NA,39
"IRL","ArklowHarbour",2007,52.792,-6.1452,NA,40
"IRL","ArklowHarbour",2008,52.792,-6.1452,0.00118609200591088,41
"IRL","ArklowHarbour",2009,52.792,-6.1452,0.754733724156833,42
"IRL","ArklowHarbour",2010,52.792,-6.1452,0.644559059992319,43
"IRL","ArklowHarbour",2011,52.792,-6.1452,0.598213831861366,44
"IRL","ArklowHarbour",2012,52.792,-6.1452,0.702023698128296,45
"IRL","ArklowHarbour",2013,52.792,-6.1452,0.696356906166091,46
"IRL","ArklowHarbour",2014,52.792,-6.1452,1.39318646201122,47
"IRL","ArklowHarbour",2015,52.792,-6.1452,0.853393635094163,48
"IRL","ArklowHarbour",2016,52.792,-6.1452,0.644687926251375,49
"IRL","ArklowHarbour",2017,52.792,-6.1452,0.68650633510022,50
"IRL","ArklowHarbour",2018,52.792,-6.1452,0.820179863813043,51
"IRL","ArklowHarbour",2019,52.792,-6.1452,0.64074821894429,52
"IRL","ArklowHarbour",2020,52.792,-6.1452,1.85025396924261,53
"IRL","ArklowHarbour",2021,52.792,-6.1452,0.695903143641239,54
"IRL","ArklowHarbour",2022,52.792,-6.1452,0.551791998064602,55
"IRL","ArklowHarbour",2023,52.792,-6.1452,0.77300608138577,56
"IRL","ArklowHarbour",2024,52.792,-6.1452,1.27585086399416,57
"IRL","ArklowHarbour",2025,52.792,-6.1452,0.966054182471966,58
"IRL","BallycottonHarbour",1968,51.8278,-8.0007,NA,1
"IRL","BallycottonHarbour",1969,51.8278,-8.0007,NA,2
"IRL","BallycottonHarbour",1970,51.8278,-8.0007,NA,3
"IRL","BallycottonHarbour",1971,51.8278,-8.0007,NA,4
"IRL","BallycottonHarbour",1972,51.8278,-8.0007,NA,5
"IRL","BallycottonHarbour",1973,51.8278,-8.0007,NA,6
"IRL","BallycottonHarbour",1974,51.8278,-8.0007,NA,7
"IRL","BallycottonHarbour",1975,51.8278,-8.0007,NA,8
"IRL","BallycottonHarbour",1976,51.8278,-8.0007,NA,9
"IRL","BallycottonHarbour",1977,51.8278,-8.0007,NA,10
"IRL","BallycottonHarbour",1978,51.8278,-8.0007,NA,11
"IRL","BallycottonHarbour",1979,51.8278,-8.0007,NA,12
"IRL","BallycottonHarbour",1980,51.8278,-8.0007,NA,13
"IRL","BallycottonHarbour",1981,51.8278,-8.0007,NA,14
"IRL","BallycottonHarbour",1982,51.8278,-8.0007,NA,15
"IRL","BallycottonHarbour",1983,51.8278,-8.0007,NA,16
"IRL","BallycottonHarbour",1984,51.8278,-8.0007,NA,17
"IRL","BallycottonHarbour",1985,51.8278,-8.0007,NA,18
"IRL","BallycottonHarbour",1986,51.8278,-8.0007,NA,19
"IRL","BallycottonHarbour",1987,51.8278,-8.0007,NA,20
"IRL","BallycottonHarbour",1988,51.8278,-8.0007,NA,21
"IRL","BallycottonHarbour",1989,51.8278,-8.0007,NA,22
"IRL","BallycottonHarbour",1990,51.8278,-8.0007,NA,23
"IRL","BallycottonHarbour",1991,51.8278,-8.0007,NA,24
"IRL","BallycottonHarbour",1992,51.8278,-8.0007,NA,25
"IRL","BallycottonHarbour",1993,51.8278,-8.0007,NA,26
"IRL","BallycottonHarbour",1994,51.8278,-8.0007,NA,27
"IRL","BallycottonHarbour",1995,51.8278,-8.0007,NA,28
"IRL","BallycottonHarbour",1996,51.8278,-8.0007,NA,29
"IRL","BallycottonHarbour",1997,51.8278,-8.0007,NA,30
"IRL","BallycottonHarbour",1998,51.8278,-8.0007,NA,31
"IRL","BallycottonHarbour",1999,51.8278,-8.0007,NA,32
"IRL","BallycottonHarbour",2000,51.8278,-8.0007,NA,33
"IRL","BallycottonHarbour",2001,51.8278,-8.0007,NA,34
"IRL","BallycottonHarbour",2002,51.8278,-8.0007,NA,35
"IRL","BallycottonHarbour",2003,51.8278,-8.0007,NA,36
"IRL","BallycottonHarbour",2004,51.8278,-8.0007,NA,37
"IRL","BallycottonHarbour",2005,51.8278,-8.0007,NA,38
"IRL","BallycottonHarbour",2006,51.8278,-8.0007,NA,39
"IRL","BallycottonHarbour",2007,51.8278,-8.0007,NA,40
"IRL","BallycottonHarbour",2008,51.8278,-8.0007,NA,41
"IRL","BallycottonHarbour",2009,51.8278,-8.0007,NA,42
"IRL","BallycottonHarbour",2010,51.8278,-8.0007,0.535095934524283,43
"IRL","BallycottonHarbour",2011,51.8278,-8.0007,0.57605793081505,44
"IRL","BallycottonHarbour",2012,51.8278,-8.0007,0.889266922308057,45
"IRL","BallycottonHarbour",2013,51.8278,-8.0007,0.729147237487306,46
"IRL","BallycottonHarbour",2014,51.8278,-8.0007,1.26156430055385,47
"IRL","BallycottonHarbour",2015,51.8278,-8.0007,0.801144967649112,48
"IRL","BallycottonHarbour",2016,51.8278,-8.0007,0.823156198991598,49
"IRL","BallycottonHarbour",2017,51.8278,-8.0007,0.980451906717962,50
"IRL","BallycottonHarbour",2018,51.8278,-8.0007,0.942727008493936,51
"IRL","BallycottonHarbour",2019,51.8278,-8.0007,0.810976340478607,52
"IRL","BallycottonHarbour",2020,51.8278,-8.0007,0.890077451788866,53
"IRL","BallycottonHarbour",2021,51.8278,-8.0007,0.727954410069353,54
"IRL","BallycottonHarbour",2022,51.8278,-8.0007,0.768420354501994,55
"IRL","BallycottonHarbour",2023,51.8278,-8.0007,0.78403606175507,56
"IRL","BallycottonHarbour",2024,51.8278,-8.0007,0.481978527828016,57
"IRL","BallycottonHarbour",2025,51.8278,-8.0007,NA,58
"IRL","BallyglassHarbour",1968,54.2536,-9.8928,NA,1
"IRL","BallyglassHarbour",1969,54.2536,-9.8928,NA,2
"IRL","BallyglassHarbour",1970,54.2536,-9.8928,NA,3
"IRL","BallyglassHarbour",1971,54.2536,-9.8928,NA,4
"IRL","BallyglassHarbour",1972,54.2536,-9.8928,NA,5
"IRL","BallyglassHarbour",1973,54.2536,-9.8928,NA,6
"IRL","BallyglassHarbour",1974,54.2536,-9.8928,NA,7
"IRL","BallyglassHarbour",1975,54.2536,-9.8928,NA,8
"IRL","BallyglassHarbour",1976,54.2536,-9.8928,NA,9
"IRL","BallyglassHarbour",1977,54.2536,-9.8928,NA,10
"IRL","BallyglassHarbour",1978,54.2536,-9.8928,NA,11
"IRL","BallyglassHarbour",1979,54.2536,-9.8928,NA,12
"IRL","BallyglassHarbour",1980,54.2536,-9.8928,NA,13
"IRL","BallyglassHarbour",1981,54.2536,-9.8928,NA,14
"IRL","BallyglassHarbour",1982,54.2536,-9.8928,NA,15
"IRL","BallyglassHarbour",1983,54.2536,-9.8928,NA,16
"IRL","BallyglassHarbour",1984,54.2536,-9.8928,NA,17
"IRL","BallyglassHarbour",1985,54.2536,-9.8928,NA,18
"IRL","BallyglassHarbour",1986,54.2536,-9.8928,NA,19
"IRL","BallyglassHarbour",1987,54.2536,-9.8928,NA,20
"IRL","BallyglassHarbour",1988,54.2536,-9.8928,NA,21
"IRL","BallyglassHarbour",1989,54.2536,-9.8928,NA,22
"IRL","BallyglassHarbour",1990,54.2536,-9.8928,NA,23
"IRL","BallyglassHarbour",1991,54.2536,-9.8928,NA,24
"IRL","BallyglassHarbour",1992,54.2536,-9.8928,NA,25
"IRL","BallyglassHarbour",1993,54.2536,-9.8928,NA,26
"IRL","BallyglassHarbour",1994,54.2536,-9.8928,NA,27
"IRL","BallyglassHarbour",1995,54.2536,-9.8928,NA,28
"IRL","BallyglassHarbour",1996,54.2536,-9.8928,NA,29
"IRL","BallyglassHarbour",1997,54.2536,-9.8928,NA,30
"IRL","BallyglassHarbour",1998,54.2536,-9.8928,NA,31
"IRL","BallyglassHarbour",1999,54.2536,-9.8928,NA,32
"IRL","BallyglassHarbour",2000,54.2536,-9.8928,NA,33
"IRL","BallyglassHarbour",2001,54.2536,-9.8928,NA,34
"IRL","BallyglassHarbour",2002,54.2536,-9.8928,NA,35
"IRL","BallyglassHarbour",2003,54.2536,-9.8928,NA,36
"IRL","BallyglassHarbour",2004,54.2536,-9.8928,NA,37
"IRL","BallyglassHarbour",2005,54.2536,-9.8928,NA,38
"IRL","BallyglassHarbour",2006,54.2536,-9.8928,NA,39
"IRL","BallyglassHarbour",2007,54.2536,-9.8928,NA,40
"IRL","BallyglassHarbour",2008,54.2536,-9.8928,0.459665395667998,41
"IRL","BallyglassHarbour",2009,54.2536,-9.8928,0.976051066323258,42
"IRL","BallyglassHarbour",2010,54.2536,-9.8928,0.585445273718491,43
"IRL","BallyglassHarbour",2011,54.2536,-9.8928,0.690477635843942,44
"IRL","BallyglassHarbour",2012,54.2536,-9.8928,0.701786343172745,45
"IRL","BallyglassHarbour",2013,54.2536,-9.8928,0.940140038297755,46
"IRL","BallyglassHarbour",2014,54.2536,-9.8928,0.893537875415602,47
"IRL","BallyglassHarbour",2015,54.2536,-9.8928,0.867226351350231,48
"IRL","BallyglassHarbour",2016,54.2536,-9.8928,0.466074228604005,49
"IRL","BallyglassHarbour",2017,54.2536,-9.8928,0.665466892909494,50
"IRL","BallyglassHarbour",2018,54.2536,-9.8928,0.89919233370785,51
"IRL","BallyglassHarbour",2019,54.2536,-9.8928,0.730105150782157,52
"IRL","BallyglassHarbour",2020,54.2536,-9.8928,0.953000754581298,53
"IRL","BallyglassHarbour",2021,54.2536,-9.8928,0.490038265365427,54
"IRL","BallyglassHarbour",2022,54.2536,-9.8928,0.554174589561798,55
"IRL","BallyglassHarbour",2023,54.2536,-9.8928,0.699059547138438,56
"IRL","BallyglassHarbour",2024,54.2536,-9.8928,0.501844077423326,57
"IRL","BallyglassHarbour",2025,54.2536,-9.8928,NA,58
"IRL","CastletownberePort",1968,51.6496,-9.9034,NA,1
"IRL","CastletownberePort",1969,51.6496,-9.9034,NA,2
"IRL","CastletownberePort",1970,51.6496,-9.9034,NA,3
"IRL","CastletownberePort",1971,51.6496,-9.9034,NA,4
"IRL","CastletownberePort",1972,51.6496,-9.9034,NA,5
"IRL","CastletownberePort",1973,51.6496,-9.9034,NA,6
"IRL","CastletownberePort",1974,51.6496,-9.9034,NA,7
"IRL","CastletownberePort",1975,51.6496,-9.9034,NA,8
"IRL","CastletownberePort",1976,51.6496,-9.9034,NA,9
"IRL","CastletownberePort",1977,51.6496,-9.9034,NA,10
"IRL","CastletownberePort",1978,51.6496,-9.9034,NA,11
"IRL","CastletownberePort",1979,51.6496,-9.9034,NA,12
"IRL","CastletownberePort",1980,51.6496,-9.9034,NA,13
"IRL","CastletownberePort",1981,51.6496,-9.9034,NA,14
"IRL","CastletownberePort",1982,51.6496,-9.9034,NA,15
"IRL","CastletownberePort",1983,51.6496,-9.9034,NA,16
"IRL","CastletownberePort",1984,51.6496,-9.9034,NA,17
"IRL","CastletownberePort",1985,51.6496,-9.9034,NA,18
"IRL","CastletownberePort",1986,51.6496,-9.9034,NA,19
"IRL","CastletownberePort",1987,51.6496,-9.9034,NA,20
"IRL","CastletownberePort",1988,51.6496,-9.9034,NA,21
"IRL","CastletownberePort",1989,51.6496,-9.9034,NA,22
"IRL","CastletownberePort",1990,51.6496,-9.9034,NA,23
"IRL","CastletownberePort",1991,51.6496,-9.9034,NA,24
"IRL","CastletownberePort",1992,51.6496,-9.9034,NA,25
"IRL","CastletownberePort",1993,51.6496,-9.9034,NA,26
"IRL","CastletownberePort",1994,51.6496,-9.9034,NA,27
"IRL","CastletownberePort",1995,51.6496,-9.9034,NA,28
"IRL","CastletownberePort",1996,51.6496,-9.9034,NA,29
"IRL","CastletownberePort",1997,51.6496,-9.9034,NA,30
"IRL","CastletownberePort",1998,51.6496,-9.9034,NA,31
"IRL","CastletownberePort",1999,51.6496,-9.9034,NA,32
"IRL","CastletownberePort",2000,51.6496,-9.9034,NA,33
"IRL","CastletownberePort",2001,51.6496,-9.9034,NA,34
"IRL","CastletownberePort",2002,51.6496,-9.9034,NA,35
"IRL","CastletownberePort",2003,51.6496,-9.9034,NA,36
"IRL","CastletownberePort",2004,51.6496,-9.9034,NA,37
"IRL","CastletownberePort",2005,51.6496,-9.9034,NA,38
"IRL","CastletownberePort",2006,51.6496,-9.9034,0.537478515617912,39
"IRL","CastletownberePort",2007,51.6496,-9.9034,0.761190437894395,40
"IRL","CastletownberePort",2008,51.6496,-9.9034,0.679718163324097,41
"IRL","CastletownberePort",2009,51.6496,-9.9034,0.646104309657737,42
"IRL","CastletownberePort",2010,51.6496,-9.9034,0.815672567838998,43
"IRL","CastletownberePort",2011,51.6496,-9.9034,0.53017601325152,44
"IRL","CastletownberePort",2012,51.6496,-9.9034,0.674763601388297,45
"IRL","CastletownberePort",2013,51.6496,-9.9034,0.629412318232421,46
"IRL","CastletownberePort",2014,51.6496,-9.9034,0.95702836109407,47
"IRL","CastletownberePort",2015,51.6496,-9.9034,0.569959966250181,48
"IRL","CastletownberePort",2016,51.6496,-9.9034,0.689218771303307,49
"IRL","CastletownberePort",2017,51.6496,-9.9034,0.880504721728969,50
"IRL","CastletownberePort",2018,51.6496,-9.9034,0.808705195818721,51
"IRL","CastletownberePort",2019,51.6496,-9.9034,0.851595370074137,52
"IRL","CastletownberePort",2020,51.6496,-9.9034,0.70649802067674,53
"IRL","CastletownberePort",2021,51.6496,-9.9034,0.707721126469908,54
"IRL","CastletownberePort",2022,51.6496,-9.9034,0.59139820926764,55
"IRL","CastletownberePort",2023,51.6496,-9.9034,0.65964379702265,56
"IRL","CastletownberePort",2024,51.6496,-9.9034,0.374646015355313,57
"IRL","CastletownberePort",2025,51.6496,-9.9034,NA,58
"IRL","DingleHarbour",1968,52.13924,-10.27732,NA,1
"IRL","DingleHarbour",1969,52.13924,-10.27732,NA,2
"IRL","DingleHarbour",1970,52.13924,-10.27732,NA,3
"IRL","DingleHarbour",1971,52.13924,-10.27732,NA,4
"IRL","DingleHarbour",1972,52.13924,-10.27732,NA,5
"IRL","DingleHarbour",1973,52.13924,-10.27732,NA,6
"IRL","DingleHarbour",1974,52.13924,-10.27732,NA,7
"IRL","DingleHarbour",1975,52.13924,-10.27732,NA,8
"IRL","DingleHarbour",1976,52.13924,-10.27732,NA,9
"IRL","DingleHarbour",1977,52.13924,-10.27732,NA,10
"IRL","DingleHarbour",1978,52.13924,-10.27732,NA,11
"IRL","DingleHarbour",1979,52.13924,-10.27732,NA,12
"IRL","DingleHarbour",1980,52.13924,-10.27732,NA,13
"IRL","DingleHarbour",1981,52.13924,-10.27732,NA,14
"IRL","DingleHarbour",1982,52.13924,-10.27732,NA,15
"IRL","DingleHarbour",1983,52.13924,-10.27732,NA,16
"IRL","DingleHarbour",1984,52.13924,-10.27732,NA,17
"IRL","DingleHarbour",1985,52.13924,-10.27732,NA,18
"IRL","DingleHarbour",1986,52.13924,-10.27732,NA,19
"IRL","DingleHarbour",1987,52.13924,-10.27732,NA,20
"IRL","DingleHarbour",1988,52.13924,-10.27732,NA,21
"IRL","DingleHarbour",1989,52.13924,-10.27732,NA,22
"IRL","DingleHarbour",1990,52.13924,-10.27732,NA,23
"IRL","DingleHarbour",1991,52.13924,-10.27732,NA,24
"IRL","DingleHarbour",1992,52.13924,-10.27732,NA,25
"IRL","DingleHarbour",1993,52.13924,-10.27732,NA,26
"IRL","DingleHarbour",1994,52.13924,-10.27732,NA,27
"IRL","DingleHarbour",1995,52.13924,-10.27732,NA,28
"IRL","DingleHarbour",1996,52.13924,-10.27732,NA,29
"IRL","DingleHarbour",1997,52.13924,-10.27732,NA,30
"IRL","DingleHarbour",1998,52.13924,-10.27732,NA,31
"IRL","DingleHarbour",1999,52.13924,-10.27732,NA,32
"IRL","DingleHarbour",2000,52.13924,-10.27732,NA,33
"IRL","DingleHarbour",2001,52.13924,-10.27732,NA,34
"IRL","DingleHarbour",2002,52.13924,-10.27732,NA,35
"IRL","DingleHarbour",2003,52.13924,-10.27732,NA,36
"IRL","DingleHarbour",2004,52.13924,-10.27732,NA,37
"IRL","DingleHarbour",2005,52.13924,-10.27732,NA,38
"IRL","DingleHarbour",2006,52.13924,-10.27732,NA,39
"IRL","DingleHarbour",2007,52.13924,-10.27732,NA,40
"IRL","DingleHarbour",2008,52.13924,-10.27732,NA,41
"IRL","DingleHarbour",2009,52.13924,-10.27732,NA,42
"IRL","DingleHarbour",2010,52.13924,-10.27732,NA,43
"IRL","DingleHarbour",2011,52.13924,-10.27732,NA,44
"IRL","DingleHarbour",2012,52.13924,-10.27732,NA,45
"IRL","DingleHarbour",2013,52.13924,-10.27732,NA,46
"IRL","DingleHarbour",2014,52.13924,-10.27732,NA,47
"IRL","DingleHarbour",2015,52.13924,-10.27732,NA,48
"IRL","DingleHarbour",2016,52.13924,-10.27732,NA,49
"IRL","DingleHarbour",2017,52.13924,-10.27732,0.599255764528864,50
"IRL","DingleHarbour",2018,52.13924,-10.27732,0.841640896580133,51
"IRL","DingleHarbour",2019,52.13924,-10.27732,0.504043593561149,52
"IRL","DingleHarbour",2020,52.13924,-10.27732,0.555657730488146,53
"IRL","DingleHarbour",2021,52.13924,-10.27732,0.767132852727642,54
"IRL","DingleHarbour",2022,52.13924,-10.27732,0.7186935272682,55
"IRL","DingleHarbour",2023,52.13924,-10.27732,0.635197949460641,56
"IRL","DingleHarbour",2024,52.13924,-10.27732,0.232072429941055,57
"IRL","DingleHarbour",2025,52.13924,-10.27732,NA,58
"IRL","DublinPort",1968,53.3457,-6.2217,NA,1
"IRL","DublinPort",1969,53.3457,-6.2217,NA,2
"IRL","DublinPort",1970,53.3457,-6.2217,NA,3
"IRL","DublinPort",1971,53.3457,-6.2217,NA,4
"IRL","DublinPort",1972,53.3457,-6.2217,NA,5
"IRL","DublinPort",1973,53.3457,-6.2217,NA,6
"IRL","DublinPort",1974,53.3457,-6.2217,NA,7
"IRL","DublinPort",1975,53.3457,-6.2217,NA,8
"IRL","DublinPort",1976,53.3457,-6.2217,NA,9
"IRL","DublinPort",1977,53.3457,-6.2217,NA,10
"IRL","DublinPort",1978,53.3457,-6.2217,NA,11
"IRL","DublinPort",1979,53.3457,-6.2217,NA,12
"IRL","DublinPort",1980,53.3457,-6.2217,NA,13
"IRL","DublinPort",1981,53.3457,-6.2217,NA,14
"IRL","DublinPort",1982,53.3457,-6.2217,NA,15
"IRL","DublinPort",1983,53.3457,-6.2217,NA,16
"IRL","DublinPort",1984,53.3457,-6.2217,NA,17
"IRL","DublinPort",1985,53.3457,-6.2217,NA,18
"IRL","DublinPort",1986,53.3457,-6.2217,NA,19
"IRL","DublinPort",1987,53.3457,-6.2217,NA,20
"IRL","DublinPort",1988,53.3457,-6.2217,NA,21
"IRL","DublinPort",1989,53.3457,-6.2217,NA,22
"IRL","DublinPort",1990,53.3457,-6.2217,NA,23
"IRL","DublinPort",1991,53.3457,-6.2217,NA,24
"IRL","DublinPort",1992,53.3457,-6.2217,NA,25
"IRL","DublinPort",1993,53.3457,-6.2217,NA,26
"IRL","DublinPort",1994,53.3457,-6.2217,NA,27
"IRL","DublinPort",1995,53.3457,-6.2217,NA,28
"IRL","DublinPort",1996,53.3457,-6.2217,NA,29
"IRL","DublinPort",1997,53.3457,-6.2217,NA,30
"IRL","DublinPort",1998,53.3457,-6.2217,NA,31
"IRL","DublinPort",1999,53.3457,-6.2217,NA,32
"IRL","DublinPort",2000,53.3457,-6.2217,NA,33
"IRL","DublinPort",2001,53.3457,-6.2217,NA,34
"IRL","DublinPort",2002,53.3457,-6.2217,NA,35
"IRL","DublinPort",2003,53.3457,-6.2217,NA,36
"IRL","DublinPort",2004,53.3457,-6.2217,NA,37
"IRL","DublinPort",2005,53.3457,-6.2217,NA,38
"IRL","DublinPort",2006,53.3457,-6.2217,NA,39
"IRL","DublinPort",2007,53.3457,-6.2217,0.498797238414203,40
"IRL","DublinPort",2008,53.3457,-6.2217,0.846691156417524,41
"IRL","DublinPort",2009,53.3457,-6.2217,1.07420284298087,42
"IRL","DublinPort",2010,53.3457,-6.2217,0.70280824387751,43
"IRL","DublinPort",2011,53.3457,-6.2217,0.888306717062483,44
"IRL","DublinPort",2012,53.3457,-6.2217,1.10363157129228,45
"IRL","DublinPort",2013,53.3457,-6.2217,0.871466032371433,46
"IRL","DublinPort",2014,53.3457,-6.2217,1.04603494386055,47
"IRL","DublinPort",2015,53.3457,-6.2217,0.850842566191882,48
"IRL","DublinPort",2016,53.3457,-6.2217,0.818160030665828,49
"IRL","DublinPort",2017,53.3457,-6.2217,0.821943160564892,50
"IRL","DublinPort",2018,53.3457,-6.2217,0.838591259402409,51
"IRL","DublinPort",2019,53.3457,-6.2217,0.576605517467962,52
"IRL","DublinPort",2020,53.3457,-6.2217,NA,53
"IRL","DublinPort",2021,53.3457,-6.2217,NA,54
"IRL","DublinPort",2022,53.3457,-6.2217,NA,55
"IRL","DublinPort",2023,53.3457,-6.2217,NA,56
"IRL","DublinPort",2024,53.3457,-6.2217,NA,57
"IRL","DublinPort",2025,53.3457,-6.2217,NA,58
"IRL","Dundalk",1968,54.008,-6.385,NA,1
"IRL","Dundalk",1969,54.008,-6.385,NA,2
"IRL","Dundalk",1970,54.008,-6.385,NA,3
"IRL","Dundalk",1971,54.008,-6.385,NA,4
"IRL","Dundalk",1972,54.008,-6.385,NA,5
"IRL","Dundalk",1973,54.008,-6.385,NA,6
"IRL","Dundalk",1974,54.008,-6.385,NA,7
"IRL","Dundalk",1975,54.008,-6.385,NA,8
"IRL","Dundalk",1976,54.008,-6.385,NA,9
"IRL","Dundalk",1977,54.008,-6.385,NA,10
"IRL","Dundalk",1978,54.008,-6.385,NA,11
"IRL","Dundalk",1979,54.008,-6.385,NA,12
"IRL","Dundalk",1980,54.008,-6.385,NA,13
"IRL","Dundalk",1981,54.008,-6.385,NA,14
"IRL","Dundalk",1982,54.008,-6.385,NA,15
"IRL","Dundalk",1983,54.008,-6.385,NA,16
"IRL","Dundalk",1984,54.008,-6.385,NA,17
"IRL","Dundalk",1985,54.008,-6.385,NA,18
"IRL","Dundalk",1986,54.008,-6.385,NA,19
"IRL","Dundalk",1987,54.008,-6.385,NA,20
"IRL","Dundalk",1988,54.008,-6.385,NA,21
"IRL","Dundalk",1989,54.008,-6.385,NA,22
"IRL","Dundalk",1990,54.008,-6.385,NA,23
"IRL","Dundalk",1991,54.008,-6.385,NA,24
"IRL","Dundalk",1992,54.008,-6.385,NA,25
"IRL","Dundalk",1993,54.008,-6.385,NA,26
"IRL","Dundalk",1994,54.008,-6.385,NA,27
"IRL","Dundalk",1995,54.008,-6.385,NA,28
"IRL","Dundalk",1996,54.008,-6.385,NA,29
"IRL","Dundalk",1997,54.008,-6.385,NA,30
"IRL","Dundalk",1998,54.008,-6.385,NA,31
"IRL","Dundalk",1999,54.008,-6.385,NA,32
"IRL","Dundalk",2000,54.008,-6.385,NA,33
"IRL","Dundalk",2001,54.008,-6.385,NA,34
"IRL","Dundalk",2002,54.008,-6.385,NA,35
"IRL","Dundalk",2003,54.008,-6.385,NA,36
"IRL","Dundalk",2004,54.008,-6.385,NA,37
"IRL","Dundalk",2005,54.008,-6.385,NA,38
"IRL","Dundalk",2006,54.008,-6.385,NA,39
"IRL","Dundalk",2007,54.008,-6.385,NA,40
"IRL","Dundalk",2008,54.008,-6.385,-0.0800008546577006,41
"IRL","Dundalk",2009,54.008,-6.385,0.975362251614126,42
"IRL","Dundalk",2010,54.008,-6.385,0.885033658270545,43
"IRL","Dundalk",2011,54.008,-6.385,0.691079575547634,44
"IRL","Dundalk",2012,54.008,-6.385,0.979529912381678,45
"IRL","Dundalk",2013,54.008,-6.385,0.717970114790754,46
"IRL","Dundalk",2014,54.008,-6.385,NA,47
"IRL","Dundalk",2015,54.008,-6.385,NA,48
"IRL","Dundalk",2016,54.008,-6.385,NA,49
"IRL","Dundalk",2017,54.008,-6.385,NA,50
"IRL","Dundalk",2018,54.008,-6.385,NA,51
"IRL","Dundalk",2019,54.008,-6.385,NA,52
"IRL","Dundalk",2020,54.008,-6.385,NA,53
"IRL","Dundalk",2021,54.008,-6.385,NA,54
"IRL","Dundalk",2022,54.008,-6.385,NA,55
"IRL","Dundalk",2023,54.008,-6.385,NA,56
"IRL","Dundalk",2024,54.008,-6.385,NA,57
"IRL","Dundalk",2025,54.008,-6.385,NA,58
"IRL","DunmoreEastHarbour",1968,52.14767,-6.99188,NA,1
"IRL","DunmoreEastHarbour",1969,52.14767,-6.99188,NA,2
"IRL","DunmoreEastHarbour",1970,52.14767,-6.99188,NA,3
"IRL","DunmoreEastHarbour",1971,52.14767,-6.99188,NA,4
"IRL","DunmoreEastHarbour",1972,52.14767,-6.99188,NA,5
"IRL","DunmoreEastHarbour",1973,52.14767,-6.99188,NA,6
"IRL","DunmoreEastHarbour",1974,52.14767,-6.99188,NA,7
"IRL","DunmoreEastHarbour",1975,52.14767,-6.99188,NA,8
"IRL","DunmoreEastHarbour",1976,52.14767,-6.99188,NA,9
"IRL","DunmoreEastHarbour",1977,52.14767,-6.99188,NA,10
"IRL","DunmoreEastHarbour",1978,52.14767,-6.99188,NA,11
"IRL","DunmoreEastHarbour",1979,52.14767,-6.99188,NA,12
"IRL","DunmoreEastHarbour",1980,52.14767,-6.99188,NA,13
"IRL","DunmoreEastHarbour",1981,52.14767,-6.99188,NA,14
"IRL","DunmoreEastHarbour",1982,52.14767,-6.99188,NA,15
"IRL","DunmoreEastHarbour",1983,52.14767,-6.99188,NA,16
"IRL","DunmoreEastHarbour",1984,52.14767,-6.99188,NA,17
"IRL","DunmoreEastHarbour",1985,52.14767,-6.99188,NA,18
"IRL","DunmoreEastHarbour",1986,52.14767,-6.99188,NA,19
"IRL","DunmoreEastHarbour",1987,52.14767,-6.99188,NA,20
"IRL","DunmoreEastHarbour",1988,52.14767,-6.99188,NA,21
"IRL","DunmoreEastHarbour",1989,52.14767,-6.99188,NA,22
"IRL","DunmoreEastHarbour",1990,52.14767,-6.99188,NA,23
"IRL","DunmoreEastHarbour",1991,52.14767,-6.99188,NA,24
"IRL","DunmoreEastHarbour",1992,52.14767,-6.99188,NA,25
"IRL","DunmoreEastHarbour",1993,52.14767,-6.99188,NA,26
"IRL","DunmoreEastHarbour",1994,52.14767,-6.99188,NA,27
"IRL","DunmoreEastHarbour",1995,52.14767,-6.99188,NA,28
"IRL","DunmoreEastHarbour",1996,52.14767,-6.99188,NA,29
"IRL","DunmoreEastHarbour",1997,52.14767,-6.99188,NA,30
"IRL","DunmoreEastHarbour",1998,52.14767,-6.99188,NA,31
"IRL","DunmoreEastHarbour",1999,52.14767,-6.99188,NA,32
"IRL","DunmoreEastHarbour",2000,52.14767,-6.99188,NA,33
"IRL","DunmoreEastHarbour",2001,52.14767,-6.99188,NA,34
"IRL","DunmoreEastHarbour",2002,52.14767,-6.99188,NA,35
"IRL","DunmoreEastHarbour",2003,52.14767,-6.99188,NA,36
"IRL","DunmoreEastHarbour",2004,52.14767,-6.99188,NA,37
"IRL","DunmoreEastHarbour",2005,52.14767,-6.99188,NA,38
"IRL","DunmoreEastHarbour",2006,52.14767,-6.99188,NA,39
"IRL","DunmoreEastHarbour",2007,52.14767,-6.99188,NA,40
"IRL","DunmoreEastHarbour",2008,52.14767,-6.99188,NA,41
"IRL","DunmoreEastHarbour",2009,52.14767,-6.99188,NA,42
"IRL","DunmoreEastHarbour",2010,52.14767,-6.99188,NA,43
"IRL","DunmoreEastHarbour",2011,52.14767,-6.99188,NA,44
"IRL","DunmoreEastHarbour",2012,52.14767,-6.99188,0.768313011649912,45
"IRL","DunmoreEastHarbour",2013,52.14767,-6.99188,1.00288260926842,46
"IRL","DunmoreEastHarbour",2014,52.14767,-6.99188,1.27210437572874,47
"IRL","DunmoreEastHarbour",2015,52.14767,-6.99188,0.89941001731989,48
"IRL","DunmoreEastHarbour",2016,52.14767,-6.99188,0.684223489884489,49
"IRL","DunmoreEastHarbour",2017,52.14767,-6.99188,1.27803821635558,50
"IRL","DunmoreEastHarbour",2018,52.14767,-6.99188,0.95712051272918,51
"IRL","DunmoreEastHarbour",2019,52.14767,-6.99188,0.945582740544503,52
"IRL","DunmoreEastHarbour",2020,52.14767,-6.99188,0.885878890768688,53
"IRL","DunmoreEastHarbour",2021,52.14767,-6.99188,0.856420993198497,54
"IRL","DunmoreEastHarbour",2022,52.14767,-6.99188,0.777553119727572,55
"IRL","DunmoreEastHarbour",2023,52.14767,-6.99188,0.790327820993391,56
"IRL","DunmoreEastHarbour",2024,52.14767,-6.99188,0.492591667336698,57
"IRL","DunmoreEastHarbour",2025,52.14767,-6.99188,NA,58
"IRL","Fenit",1968,52.2696,-9.8621,NA,1
"IRL","Fenit",1969,52.2696,-9.8621,NA,2
"IRL","Fenit",1970,52.2696,-9.8621,NA,3
"IRL","Fenit",1971,52.2696,-9.8621,NA,4
"IRL","Fenit",1972,52.2696,-9.8621,NA,5
"IRL","Fenit",1973,52.2696,-9.8621,NA,6
"IRL","Fenit",1974,52.2696,-9.8621,NA,7
"IRL","Fenit",1975,52.2696,-9.8621,NA,8
"IRL","Fenit",1976,52.2696,-9.8621,NA,9
"IRL","Fenit",1977,52.2696,-9.8621,NA,10
"IRL","Fenit",1978,52.2696,-9.8621,NA,11
"IRL","Fenit",1979,52.2696,-9.8621,NA,12
"IRL","Fenit",1980,52.2696,-9.8621,NA,13
"IRL","Fenit",1981,52.2696,-9.8621,NA,14
"IRL","Fenit",1982,52.2696,-9.8621,NA,15
"IRL","Fenit",1983,52.2696,-9.8621,NA,16
"IRL","Fenit",1984,52.2696,-9.8621,NA,17
"IRL","Fenit",1985,52.2696,-9.8621,NA,18
"IRL","Fenit",1986,52.2696,-9.8621,NA,19
"IRL","Fenit",1987,52.2696,-9.8621,NA,20
"IRL","Fenit",1988,52.2696,-9.8621,NA,21
"IRL","Fenit",1989,52.2696,-9.8621,NA,22
"IRL","Fenit",1990,52.2696,-9.8621,NA,23
"IRL","Fenit",1991,52.2696,-9.8621,NA,24
"IRL","Fenit",1992,52.2696,-9.8621,NA,25
"IRL","Fenit",1993,52.2696,-9.8621,NA,26
"IRL","Fenit",1994,52.2696,-9.8621,NA,27
"IRL","Fenit",1995,52.2696,-9.8621,NA,28
"IRL","Fenit",1996,52.2696,-9.8621,NA,29
"IRL","Fenit",1997,52.2696,-9.8621,NA,30
"IRL","Fenit",1998,52.2696,-9.8621,NA,31
"IRL","Fenit",1999,52.2696,-9.8621,NA,32
"IRL","Fenit",2000,52.2696,-9.8621,NA,33
"IRL","Fenit",2001,52.2696,-9.8621,NA,34
"IRL","Fenit",2002,52.2696,-9.8621,NA,35
"IRL","Fenit",2003,52.2696,-9.8621,NA,36
"IRL","Fenit",2004,52.2696,-9.8621,NA,37
"IRL","Fenit",2005,52.2696,-9.8621,NA,38
"IRL","Fenit",2006,52.2696,-9.8621,NA,39
"IRL","Fenit",2007,52.2696,-9.8621,NA,40
"IRL","Fenit",2008,52.2696,-9.8621,NA,41
"IRL","Fenit",2009,52.2696,-9.8621,NA,42
"IRL","Fenit",2010,52.2696,-9.8621,0.559580121317916,43
"IRL","Fenit",2011,52.2696,-9.8621,0.536397063558449,44
"IRL","Fenit",2012,52.2696,-9.8621,0.632195336889158,45
"IRL","Fenit",2013,52.2696,-9.8621,0.945250290910904,46
"IRL","Fenit",2014,52.2696,-9.8621,1.30644858593772,47
"IRL","Fenit",2015,52.2696,-9.8621,0.673123128342069,48
"IRL","Fenit",2016,52.2696,-9.8621,0.595112923031502,49
"IRL","Fenit",2017,52.2696,-9.8621,0.802426368280714,50
"IRL","Fenit",2018,52.2696,-9.8621,0.745893188180407,51
"IRL","Fenit",2019,52.2696,-9.8621,0.709467499568647,52
"IRL","Fenit",2020,52.2696,-9.8621,0.803210266728755,53
"IRL","Fenit",2021,52.2696,-9.8621,0.899785118293988,54
"IRL","Fenit",2022,52.2696,-9.8621,0.689642827014756,55
"IRL","Fenit",2023,52.2696,-9.8621,0.722649151591197,56
"IRL","Fenit",2024,52.2696,-9.8621,0.956733025598728,57
"IRL","Fenit",2025,52.2696,-9.8621,1.25040777830802,58
"IRL","GalwayPort",1968,53.269,-9.048,NA,1
"IRL","GalwayPort",1969,53.269,-9.048,NA,2
"IRL","GalwayPort",1970,53.269,-9.048,NA,3
"IRL","GalwayPort",1971,53.269,-9.048,NA,4
"IRL","GalwayPort",1972,53.269,-9.048,NA,5
"IRL","GalwayPort",1973,53.269,-9.048,NA,6
"IRL","GalwayPort",1974,53.269,-9.048,NA,7
"IRL","GalwayPort",1975,53.269,-9.048,NA,8
"IRL","GalwayPort",1976,53.269,-9.048,NA,9
"IRL","GalwayPort",1977,53.269,-9.048,NA,10
"IRL","GalwayPort",1978,53.269,-9.048,NA,11
"IRL","GalwayPort",1979,53.269,-9.048,NA,12
"IRL","GalwayPort",1980,53.269,-9.048,NA,13
"IRL","GalwayPort",1981,53.269,-9.048,NA,14
"IRL","GalwayPort",1982,53.269,-9.048,NA,15
"IRL","GalwayPort",1983,53.269,-9.048,NA,16
"IRL","GalwayPort",1984,53.269,-9.048,NA,17
"IRL","GalwayPort",1985,53.269,-9.048,NA,18
"IRL","GalwayPort",1986,53.269,-9.048,NA,19
"IRL","GalwayPort",1987,53.269,-9.048,NA,20
"IRL","GalwayPort",1988,53.269,-9.048,NA,21
"IRL","GalwayPort",1989,53.269,-9.048,NA,22
"IRL","GalwayPort",1990,53.269,-9.048,NA,23
"IRL","GalwayPort",1991,53.269,-9.048,NA,24
"IRL","GalwayPort",1992,53.269,-9.048,NA,25
"IRL","GalwayPort",1993,53.269,-9.048,NA,26
"IRL","GalwayPort",1994,53.269,-9.048,NA,27
"IRL","GalwayPort",1995,53.269,-9.048,NA,28
"IRL","GalwayPort",1996,53.269,-9.048,NA,29
"IRL","GalwayPort",1997,53.269,-9.048,NA,30
"IRL","GalwayPort",1998,53.269,-9.048,NA,31
"IRL","GalwayPort",1999,53.269,-9.048,NA,32
"IRL","GalwayPort",2000,53.269,-9.048,NA,33
"IRL","GalwayPort",2001,53.269,-9.048,NA,34
"IRL","GalwayPort",2002,53.269,-9.048,NA,35
"IRL","GalwayPort",2003,53.269,-9.048,NA,36
"IRL","GalwayPort",2004,53.269,-9.048,NA,37
"IRL","GalwayPort",2005,53.269,-9.048,NA,38
"IRL","GalwayPort",2006,53.269,-9.048,NA,39
"IRL","GalwayPort",2007,53.269,-9.048,0.82488328974653,40
"IRL","GalwayPort",2008,53.269,-9.048,1.07094292488596,41
"IRL","GalwayPort",2009,53.269,-9.048,0.853710458557869,42
"IRL","GalwayPort",2010,53.269,-9.048,0.948822020498719,43
"IRL","GalwayPort",2011,53.269,-9.048,1.03253740148347,44
"IRL","GalwayPort",2012,53.269,-9.048,1.17701735007176,45
"IRL","GalwayPort",2013,53.269,-9.048,1.4178591955543,46
"IRL","GalwayPort",2014,53.269,-9.048,1.46209691926419,47
"IRL","GalwayPort",2015,53.269,-9.048,1.04399089683764,48
"IRL","GalwayPort",2016,53.269,-9.048,0.925835909106544,49
"IRL","GalwayPort",2017,53.269,-9.048,1.58340741089621,50
"IRL","GalwayPort",2018,53.269,-9.048,1.35279738682753,51
"IRL","GalwayPort",2019,53.269,-9.048,1.69499776678917,52
"IRL","GalwayPort",2020,53.269,-9.048,1.34079800272927,53
"IRL","GalwayPort",2021,53.269,-9.048,1.01022356713821,54
"IRL","GalwayPort",2022,53.269,-9.048,0.888948164008609,55
"IRL","GalwayPort",2023,53.269,-9.048,1.62632019343125,56
"IRL","GalwayPort",2024,53.269,-9.048,0.512688327870252,57
"IRL","GalwayPort",2025,53.269,-9.048,NA,58
"IRL","Howth",1968,53.3915,-6.0683,NA,1
"IRL","Howth",1969,53.3915,-6.0683,NA,2
"IRL","Howth",1970,53.3915,-6.0683,NA,3
"IRL","Howth",1971,53.3915,-6.0683,NA,4
"IRL","Howth",1972,53.3915,-6.0683,NA,5
"IRL","Howth",1973,53.3915,-6.0683,NA,6
"IRL","Howth",1974,53.3915,-6.0683,NA,7
"IRL","Howth",1975,53.3915,-6.0683,NA,8
"IRL","Howth",1976,53.3915,-6.0683,NA,9
"IRL","Howth",1977,53.3915,-6.0683,NA,10
"IRL","Howth",1978,53.3915,-6.0683,NA,11
"IRL","Howth",1979,53.3915,-6.0683,NA,12
"IRL","Howth",1980,53.3915,-6.0683,NA,13
"IRL","Howth",1981,53.3915,-6.0683,NA,14
"IRL","Howth",1982,53.3915,-6.0683,NA,15
"IRL","Howth",1983,53.3915,-6.0683,NA,16
"IRL","Howth",1984,53.3915,-6.0683,NA,17
"IRL","Howth",1985,53.3915,-6.0683,NA,18
"IRL","Howth",1986,53.3915,-6.0683,NA,19
"IRL","Howth",1987,53.3915,-6.0683,NA,20
"IRL","Howth",1988,53.3915,-6.0683,NA,21
"IRL","Howth",1989,53.3915,-6.0683,NA,22
"IRL","Howth",1990,53.3915,-6.0683,NA,23
"IRL","Howth",1991,53.3915,-6.0683,NA,24
"IRL","Howth",1992,53.3915,-6.0683,NA,25
"IRL","Howth",1993,53.3915,-6.0683,NA,26
"IRL","Howth",1994,53.3915,-6.0683,NA,27
"IRL","Howth",1995,53.3915,-6.0683,NA,28
"IRL","Howth",1996,53.3915,-6.0683,NA,29
"IRL","Howth",1997,53.3915,-6.0683,NA,30
"IRL","Howth",1998,53.3915,-6.0683,NA,31
"IRL","Howth",1999,53.3915,-6.0683,NA,32
"IRL","Howth",2000,53.3915,-6.0683,NA,33
"IRL","Howth",2001,53.3915,-6.0683,NA,34
"IRL","Howth",2002,53.3915,-6.0683,NA,35
"IRL","Howth",2003,53.3915,-6.0683,NA,36
"IRL","Howth",2004,53.3915,-6.0683,NA,37
"IRL","Howth",2005,53.3915,-6.0683,NA,38
"IRL","Howth",2006,53.3915,-6.0683,NA,39
"IRL","Howth",2007,53.3915,-6.0683,NA,40
"IRL","Howth",2008,53.3915,-6.0683,-0.0439536383895713,41
"IRL","Howth",2009,53.3915,-6.0683,0.943707539839316,42
"IRL","Howth",2010,53.3915,-6.0683,0.55699206634027,43
"IRL","Howth",2011,53.3915,-6.0683,0.77454551469623,44
"IRL","Howth",2012,53.3915,-6.0683,0.869482069357692,45
"IRL","Howth",2013,53.3915,-6.0683,0.670911875467576,46
"IRL","Howth",2014,53.3915,-6.0683,0.743561522764392,47
"IRL","Howth",2015,53.3915,-6.0683,0.721318177374896,48
"IRL","Howth",2016,53.3915,-6.0683,0.618175213616518,49
"IRL","Howth",2017,53.3915,-6.0683,1.18574789895214,50
"IRL","Howth",2018,53.3915,-6.0683,0.853137745323725,51
"IRL","Howth",2019,53.3915,-6.0683,0.748492940564053,52
"IRL","Howth",2020,53.3915,-6.0683,0.835364325712354,53
"IRL","Howth",2021,53.3915,-6.0683,0.714670352259414,54
"IRL","Howth",2022,53.3915,-6.0683,0.657864130921934,55
"IRL","Howth",2023,53.3915,-6.0683,0.71114600101309,56
"IRL","Howth",2024,53.3915,-6.0683,0.380733304540853,57
"IRL","Howth",2025,53.3915,-6.0683,NA,58
"IRL","Inishmore",1968,53.1178,-9.6669,NA,1
"IRL","Inishmore",1969,53.1178,-9.6669,NA,2
"IRL","Inishmore",1970,53.1178,-9.6669,NA,3
"IRL","Inishmore",1971,53.1178,-9.6669,NA,4
"IRL","Inishmore",1972,53.1178,-9.6669,NA,5
"IRL","Inishmore",1973,53.1178,-9.6669,NA,6
"IRL","Inishmore",1974,53.1178,-9.6669,NA,7
"IRL","Inishmore",1975,53.1178,-9.6669,NA,8
"IRL","Inishmore",1976,53.1178,-9.6669,NA,9
"IRL","Inishmore",1977,53.1178,-9.6669,NA,10
"IRL","Inishmore",1978,53.1178,-9.6669,NA,11
"IRL","Inishmore",1979,53.1178,-9.6669,NA,12
"IRL","Inishmore",1980,53.1178,-9.6669,NA,13
"IRL","Inishmore",1981,53.1178,-9.6669,NA,14
"IRL","Inishmore",1982,53.1178,-9.6669,NA,15
"IRL","Inishmore",1983,53.1178,-9.6669,NA,16
"IRL","Inishmore",1984,53.1178,-9.6669,NA,17
"IRL","Inishmore",1985,53.1178,-9.6669,NA,18
"IRL","Inishmore",1986,53.1178,-9.6669,NA,19
"IRL","Inishmore",1987,53.1178,-9.6669,NA,20
"IRL","Inishmore",1988,53.1178,-9.6669,NA,21
"IRL","Inishmore",1989,53.1178,-9.6669,NA,22
"IRL","Inishmore",1990,53.1178,-9.6669,NA,23
"IRL","Inishmore",1991,53.1178,-9.6669,NA,24
"IRL","Inishmore",1992,53.1178,-9.6669,NA,25
"IRL","Inishmore",1993,53.1178,-9.6669,NA,26
"IRL","Inishmore",1994,53.1178,-9.6669,NA,27
"IRL","Inishmore",1995,53.1178,-9.6669,NA,28
"IRL","Inishmore",1996,53.1178,-9.6669,NA,29
"IRL","Inishmore",1997,53.1178,-9.6669,NA,30
"IRL","Inishmore",1998,53.1178,-9.6669,NA,31
"IRL","Inishmore",1999,53.1178,-9.6669,NA,32
"IRL","Inishmore",2000,53.1178,-9.6669,NA,33
"IRL","Inishmore",2001,53.1178,-9.6669,NA,34
"IRL","Inishmore",2002,53.1178,-9.6669,NA,35
"IRL","Inishmore",2003,53.1178,-9.6669,NA,36
"IRL","Inishmore",2004,53.1178,-9.6669,NA,37
"IRL","Inishmore",2005,53.1178,-9.6669,NA,38
"IRL","Inishmore",2006,53.1178,-9.6669,NA,39
"IRL","Inishmore",2007,53.1178,-9.6669,0.723513975697415,40
"IRL","Inishmore",2008,53.1178,-9.6669,0.93967221391026,41
"IRL","Inishmore",2009,53.1178,-9.6669,1.07464608065269,42
"IRL","Inishmore",2010,53.1178,-9.6669,0.565680715939885,43
"IRL","Inishmore",2011,53.1178,-9.6669,NA,44
"IRL","Inishmore",2012,53.1178,-9.6669,NA,45
"IRL","Inishmore",2013,53.1178,-9.6669,NA,46
"IRL","Inishmore",2014,53.1178,-9.6669,NA,47
"IRL","Inishmore",2015,53.1178,-9.6669,NA,48
"IRL","Inishmore",2016,53.1178,-9.6669,NA,49
"IRL","Inishmore",2017,53.1178,-9.6669,0.660711554244791,50
"IRL","Inishmore",2018,53.1178,-9.6669,0.944899100499486,51
"IRL","Inishmore",2019,53.1178,-9.6669,0.929265010982558,52
"IRL","Inishmore",2020,53.1178,-9.6669,0.958063372113919,53
"IRL","Inishmore",2021,53.1178,-9.6669,0.735726978925275,54
"IRL","Inishmore",2022,53.1178,-9.6669,0.620212936632723,55
"IRL","Inishmore",2023,53.1178,-9.6669,0.685475883322125,56
"IRL","Inishmore",2024,53.1178,-9.6669,0.443124026902763,57
"IRL","Inishmore",2025,53.1178,-9.6669,NA,58
"IRL","KillybegsPort",1968,54.6364,-8.3949,NA,1
"IRL","KillybegsPort",1969,54.6364,-8.3949,NA,2
"IRL","KillybegsPort",1970,54.6364,-8.3949,NA,3
"IRL","KillybegsPort",1971,54.6364,-8.3949,NA,4
"IRL","KillybegsPort",1972,54.6364,-8.3949,NA,5
"IRL","KillybegsPort",1973,54.6364,-8.3949,NA,6
"IRL","KillybegsPort",1974,54.6364,-8.3949,NA,7
"IRL","KillybegsPort",1975,54.6364,-8.3949,NA,8
"IRL","KillybegsPort",1976,54.6364,-8.3949,NA,9
"IRL","KillybegsPort",1977,54.6364,-8.3949,NA,10
"IRL","KillybegsPort",1978,54.6364,-8.3949,NA,11
"IRL","KillybegsPort",1979,54.6364,-8.3949,NA,12
"IRL","KillybegsPort",1980,54.6364,-8.3949,NA,13
"IRL","KillybegsPort",1981,54.6364,-8.3949,NA,14
"IRL","KillybegsPort",1982,54.6364,-8.3949,NA,15
"IRL","KillybegsPort",1983,54.6364,-8.3949,NA,16
"IRL","KillybegsPort",1984,54.6364,-8.3949,NA,17
"IRL","KillybegsPort",1985,54.6364,-8.3949,NA,18
"IRL","KillybegsPort",1986,54.6364,-8.3949,NA,19
"IRL","KillybegsPort",1987,54.6364,-8.3949,NA,20
"IRL","KillybegsPort",1988,54.6364,-8.3949,NA,21
"IRL","KillybegsPort",1989,54.6364,-8.3949,NA,22
"IRL","KillybegsPort",1990,54.6364,-8.3949,NA,23
"IRL","KillybegsPort",1991,54.6364,-8.3949,NA,24
"IRL","KillybegsPort",1992,54.6364,-8.3949,NA,25
"IRL","KillybegsPort",1993,54.6364,-8.3949,NA,26
"IRL","KillybegsPort",1994,54.6364,-8.3949,NA,27
"IRL","KillybegsPort",1995,54.6364,-8.3949,NA,28
"IRL","KillybegsPort",1996,54.6364,-8.3949,NA,29
"IRL","KillybegsPort",1997,54.6364,-8.3949,NA,30
"IRL","KillybegsPort",1998,54.6364,-8.3949,NA,31
"IRL","KillybegsPort",1999,54.6364,-8.3949,NA,32
"IRL","KillybegsPort",2000,54.6364,-8.3949,NA,33
"IRL","KillybegsPort",2001,54.6364,-8.3949,NA,34
"IRL","KillybegsPort",2002,54.6364,-8.3949,NA,35
"IRL","KillybegsPort",2003,54.6364,-8.3949,NA,36
"IRL","KillybegsPort",2004,54.6364,-8.3949,NA,37
"IRL","KillybegsPort",2005,54.6364,-8.3949,NA,38
"IRL","KillybegsPort",2006,54.6364,-8.3949,NA,39
"IRL","KillybegsPort",2007,54.6364,-8.3949,0.495063922554129,40
"IRL","KillybegsPort",2008,54.6364,-8.3949,0.745121904094849,41
"IRL","KillybegsPort",2009,54.6364,-8.3949,1.1484339191121,42
"IRL","KillybegsPort",2010,54.6364,-8.3949,1.08575185827396,43
"IRL","KillybegsPort",2011,54.6364,-8.3949,1.02065279297088,44
"IRL","KillybegsPort",2012,54.6364,-8.3949,1.03257106348601,45
"IRL","KillybegsPort",2013,54.6364,-8.3949,1.37792187320145,46
"IRL","KillybegsPort",2014,54.6364,-8.3949,1.02543628476618,47
"IRL","KillybegsPort",2015,54.6364,-8.3949,1.30210287167276,48
"IRL","KillybegsPort",2016,54.6364,-8.3949,0.954380850622075,49
"IRL","KillybegsPort",2017,54.6364,-8.3949,0.820893374506101,50
"IRL","KillybegsPort",2018,54.6364,-8.3949,0.970124511034061,51
"IRL","KillybegsPort",2019,54.6364,-8.3949,0.97313296699997,52
"IRL","KillybegsPort",2020,54.6364,-8.3949,1.21937516913041,53
"IRL","KillybegsPort",2021,54.6364,-8.3949,0.730846101864849,54
"IRL","KillybegsPort",2022,54.6364,-8.3949,0.828594166491601,55
"IRL","KillybegsPort",2023,54.6364,-8.3949,0.899310427036166,56
"IRL","KillybegsPort",2024,54.6364,-8.3949,0.595989924290193,57
"IRL","KillybegsPort",2025,54.6364,-8.3949,NA,58
"IRL","KilrushLough",1968,52.63191,-9.50208,NA,1
"IRL","KilrushLough",1969,52.63191,-9.50208,NA,2
"IRL","KilrushLough",1970,52.63191,-9.50208,NA,3
"IRL","KilrushLough",1971,52.63191,-9.50208,NA,4
"IRL","KilrushLough",1972,52.63191,-9.50208,NA,5
"IRL","KilrushLough",1973,52.63191,-9.50208,NA,6
"IRL","KilrushLough",1974,52.63191,-9.50208,NA,7
"IRL","KilrushLough",1975,52.63191,-9.50208,NA,8
"IRL","KilrushLough",1976,52.63191,-9.50208,NA,9
"IRL","KilrushLough",1977,52.63191,-9.50208,NA,10
"IRL","KilrushLough",1978,52.63191,-9.50208,NA,11
"IRL","KilrushLough",1979,52.63191,-9.50208,NA,12
"IRL","KilrushLough",1980,52.63191,-9.50208,NA,13
"IRL","KilrushLough",1981,52.63191,-9.50208,NA,14
"IRL","KilrushLough",1982,52.63191,-9.50208,NA,15
"IRL","KilrushLough",1983,52.63191,-9.50208,NA,16
"IRL","KilrushLough",1984,52.63191,-9.50208,NA,17
"IRL","KilrushLough",1985,52.63191,-9.50208,NA,18
"IRL","KilrushLough",1986,52.63191,-9.50208,NA,19
"IRL","KilrushLough",1987,52.63191,-9.50208,NA,20
"IRL","KilrushLough",1988,52.63191,-9.50208,NA,21
"IRL","KilrushLough",1989,52.63191,-9.50208,NA,22
"IRL","KilrushLough",1990,52.63191,-9.50208,NA,23
"IRL","KilrushLough",1991,52.63191,-9.50208,NA,24
"IRL","KilrushLough",1992,52.63191,-9.50208,NA,25
"IRL","KilrushLough",1993,52.63191,-9.50208,NA,26
"IRL","KilrushLough",1994,52.63191,-9.50208,NA,27
"IRL","KilrushLough",1995,52.63191,-9.50208,NA,28
"IRL","KilrushLough",1996,52.63191,-9.50208,NA,29
"IRL","KilrushLough",1997,52.63191,-9.50208,NA,30
"IRL","KilrushLough",1998,52.63191,-9.50208,NA,31
"IRL","KilrushLough",1999,52.63191,-9.50208,NA,32
"IRL","KilrushLough",2000,52.63191,-9.50208,NA,33
"IRL","KilrushLough",2001,52.63191,-9.50208,NA,34
"IRL","KilrushLough",2002,52.63191,-9.50208,NA,35
"IRL","KilrushLough",2003,52.63191,-9.50208,NA,36
"IRL","KilrushLough",2004,52.63191,-9.50208,NA,37
"IRL","KilrushLough",2005,52.63191,-9.50208,NA,38
"IRL","KilrushLough",2006,52.63191,-9.50208,NA,39
"IRL","KilrushLough",2007,52.63191,-9.50208,NA,40
"IRL","KilrushLough",2008,52.63191,-9.50208,NA,41
"IRL","KilrushLough",2009,52.63191,-9.50208,NA,42
"IRL","KilrushLough",2010,52.63191,-9.50208,NA,43
"IRL","KilrushLough",2011,52.63191,-9.50208,NA,44
"IRL","KilrushLough",2012,52.63191,-9.50208,NA,45
"IRL","KilrushLough",2013,52.63191,-9.50208,NA,46
"IRL","KilrushLough",2014,52.63191,-9.50208,NA,47
"IRL","KilrushLough",2015,52.63191,-9.50208,NA,48
"IRL","KilrushLough",2016,52.63191,-9.50208,NA,49
"IRL","KilrushLough",2017,52.63191,-9.50208,0.657870421875077,50
"IRL","KilrushLough",2018,52.63191,-9.50208,0.961824336261762,51
"IRL","KilrushLough",2019,52.63191,-9.50208,1.02089767113501,52
"IRL","KilrushLough",2020,52.63191,-9.50208,1.06427390494968,53
"IRL","KilrushLough",2021,52.63191,-9.50208,1.10084195503702,54
"IRL","KilrushLough",2022,52.63191,-9.50208,0.765748397172178,55
"IRL","KilrushLough",2023,52.63191,-9.50208,0.743617925254751,56
"IRL","KilrushLough",2024,52.63191,-9.50208,0.159322859087914,57
"IRL","KilrushLough",2025,52.63191,-9.50208,NA,58
"IRL","MalinHead-PortmorePier",1968,55.3717,-7.3344,NA,1
"IRL","MalinHead-PortmorePier",1969,55.3717,-7.3344,NA,2
"IRL","MalinHead-PortmorePier",1970,55.3717,-7.3344,NA,3
"IRL","MalinHead-PortmorePier",1971,55.3717,-7.3344,NA,4
"IRL","MalinHead-PortmorePier",1972,55.3717,-7.3344,NA,5
"IRL","MalinHead-PortmorePier",1973,55.3717,-7.3344,NA,6
"IRL","MalinHead-PortmorePier",1974,55.3717,-7.3344,NA,7
"IRL","MalinHead-PortmorePier",1975,55.3717,-7.3344,NA,8
"IRL","MalinHead-PortmorePier",1976,55.3717,-7.3344,NA,9
"IRL","MalinHead-PortmorePier",1977,55.3717,-7.3344,NA,10
"IRL","MalinHead-PortmorePier",1978,55.3717,-7.3344,NA,11
"IRL","MalinHead-PortmorePier",1979,55.3717,-7.3344,NA,12
"IRL","MalinHead-PortmorePier",1980,55.3717,-7.3344,NA,13
"IRL","MalinHead-PortmorePier",1981,55.3717,-7.3344,NA,14
"IRL","MalinHead-PortmorePier",1982,55.3717,-7.3344,NA,15
"IRL","MalinHead-PortmorePier",1983,55.3717,-7.3344,NA,16
"IRL","MalinHead-PortmorePier",1984,55.3717,-7.3344,NA,17
"IRL","MalinHead-PortmorePier",1985,55.3717,-7.3344,NA,18
"IRL","MalinHead-PortmorePier",1986,55.3717,-7.3344,NA,19
"IRL","MalinHead-PortmorePier",1987,55.3717,-7.3344,NA,20
"IRL","MalinHead-PortmorePier",1988,55.3717,-7.3344,NA,21
"IRL","MalinHead-PortmorePier",1989,55.3717,-7.3344,NA,22
"IRL","MalinHead-PortmorePier",1990,55.3717,-7.3344,NA,23
"IRL","MalinHead-PortmorePier",1991,55.3717,-7.3344,NA,24
"IRL","MalinHead-PortmorePier",1992,55.3717,-7.3344,NA,25
"IRL","MalinHead-PortmorePier",1993,55.3717,-7.3344,NA,26
"IRL","MalinHead-PortmorePier",1994,55.3717,-7.3344,NA,27
"IRL","MalinHead-PortmorePier",1995,55.3717,-7.3344,NA,28
"IRL","MalinHead-PortmorePier",1996,55.3717,-7.3344,NA,29
"IRL","MalinHead-PortmorePier",1997,55.3717,-7.3344,NA,30
"IRL","MalinHead-PortmorePier",1998,55.3717,-7.3344,NA,31
"IRL","MalinHead-PortmorePier",1999,55.3717,-7.3344,NA,32
"IRL","MalinHead-PortmorePier",2000,55.3717,-7.3344,NA,33
"IRL","MalinHead-PortmorePier",2001,55.3717,-7.3344,NA,34
"IRL","MalinHead-PortmorePier",2002,55.3717,-7.3344,NA,35
"IRL","MalinHead-PortmorePier",2003,55.3717,-7.3344,NA,36
"IRL","MalinHead-PortmorePier",2004,55.3717,-7.3344,NA,37
"IRL","MalinHead-PortmorePier",2005,55.3717,-7.3344,NA,38
"IRL","MalinHead-PortmorePier",2006,55.3717,-7.3344,NA,39
"IRL","MalinHead-PortmorePier",2007,55.3717,-7.3344,NA,40
"IRL","MalinHead-PortmorePier",2008,55.3717,-7.3344,0.668368993351124,41
"IRL","MalinHead-PortmorePier",2009,55.3717,-7.3344,1.50499958890354,42
"IRL","MalinHead-PortmorePier",2010,55.3717,-7.3344,1.39001251460347,43
"IRL","MalinHead-PortmorePier",2011,55.3717,-7.3344,1.35297795780187,44
"IRL","MalinHead-PortmorePier",2012,55.3717,-7.3344,1.1824281013083,45
"IRL","MalinHead-PortmorePier",2013,55.3717,-7.3344,1.34954683365404,46
"IRL","MalinHead-PortmorePier",2014,55.3717,-7.3344,1.01956150860893,47
"IRL","MalinHead-PortmorePier",2015,55.3717,-7.3344,1.24048616180293,48
"IRL","MalinHead-PortmorePier",2016,55.3717,-7.3344,0.776633280897778,49
"IRL","MalinHead-PortmorePier",2017,55.3717,-7.3344,0.704713393164063,50
"IRL","MalinHead-PortmorePier",2018,55.3717,-7.3344,1.10256857506088,51
"IRL","MalinHead-PortmorePier",2019,55.3717,-7.3344,1.33176109823179,52
"IRL","MalinHead-PortmorePier",2020,55.3717,-7.3344,1.10403512387998,53
"IRL","MalinHead-PortmorePier",2021,55.3717,-7.3344,0.735309897492107,54
"IRL","MalinHead-PortmorePier",2022,55.3717,-7.3344,0.974378914082438,55
"IRL","MalinHead-PortmorePier",2023,55.3717,-7.3344,0.760529832807575,56
"IRL","MalinHead-PortmorePier",2024,55.3717,-7.3344,0.560465021186173,57
"IRL","MalinHead-PortmorePier",2025,55.3717,-7.3344,NA,58
"IRL","PortOriel",1968,53.7989,-6.2217,NA,1
"IRL","PortOriel",1969,53.7989,-6.2217,NA,2
"IRL","PortOriel",1970,53.7989,-6.2217,NA,3
"IRL","PortOriel",1971,53.7989,-6.2217,NA,4
"IRL","PortOriel",1972,53.7989,-6.2217,NA,5
"IRL","PortOriel",1973,53.7989,-6.2217,NA,6
"IRL","PortOriel",1974,53.7989,-6.2217,NA,7
"IRL","PortOriel",1975,53.7989,-6.2217,NA,8
"IRL","PortOriel",1976,53.7989,-6.2217,NA,9
"IRL","PortOriel",1977,53.7989,-6.2217,NA,10
"IRL","PortOriel",1978,53.7989,-6.2217,NA,11
"IRL","PortOriel",1979,53.7989,-6.2217,NA,12
"IRL","PortOriel",1980,53.7989,-6.2217,NA,13
"IRL","PortOriel",1981,53.7989,-6.2217,NA,14
"IRL","PortOriel",1982,53.7989,-6.2217,NA,15
"IRL","PortOriel",1983,53.7989,-6.2217,NA,16
"IRL","PortOriel",1984,53.7989,-6.2217,NA,17
"IRL","PortOriel",1985,53.7989,-6.2217,NA,18
"IRL","PortOriel",1986,53.7989,-6.2217,NA,19
"IRL","PortOriel",1987,53.7989,-6.2217,NA,20
"IRL","PortOriel",1988,53.7989,-6.2217,NA,21
"IRL","PortOriel",1989,53.7989,-6.2217,NA,22
"IRL","PortOriel",1990,53.7989,-6.2217,NA,23
"IRL","PortOriel",1991,53.7989,-6.2217,NA,24
"IRL","PortOriel",1992,53.7989,-6.2217,NA,25
"IRL","PortOriel",1993,53.7989,-6.2217,NA,26
"IRL","PortOriel",1994,53.7989,-6.2217,NA,27
"IRL","PortOriel",1995,53.7989,-6.2217,NA,28
"IRL","PortOriel",1996,53.7989,-6.2217,NA,29
"IRL","PortOriel",1997,53.7989,-6.2217,NA,30
"IRL","PortOriel",1998,53.7989,-6.2217,NA,31
"IRL","PortOriel",1999,53.7989,-6.2217,NA,32
"IRL","PortOriel",2000,53.7989,-6.2217,NA,33
"IRL","PortOriel",2001,53.7989,-6.2217,NA,34
"IRL","PortOriel",2002,53.7989,-6.2217,NA,35
"IRL","PortOriel",2003,53.7989,-6.2217,NA,36
"IRL","PortOriel",2004,53.7989,-6.2217,NA,37
"IRL","PortOriel",2005,53.7989,-6.2217,NA,38
"IRL","PortOriel",2006,53.7989,-6.2217,NA,39
"IRL","PortOriel",2007,53.7989,-6.2217,NA,40
"IRL","PortOriel",2008,53.7989,-6.2217,NA,41
"IRL","PortOriel",2009,53.7989,-6.2217,NA,42
"IRL","PortOriel",2010,53.7989,-6.2217,0.677826269598761,43
"IRL","PortOriel",2011,53.7989,-6.2217,0.844074444027103,44
"IRL","PortOriel",2012,53.7989,-6.2217,0.963112847604528,45
"IRL","PortOriel",2013,53.7989,-6.2217,1.55299748395026,46
"IRL","PortOriel",2014,53.7989,-6.2217,1.94834207090872,47
"IRL","PortOriel",2015,53.7989,-6.2217,0.85908591191787,48
"IRL","PortOriel",2016,53.7989,-6.2217,1.7792723700067,49
"IRL","PortOriel",2017,53.7989,-6.2217,0.812868098036658,50
"IRL","PortOriel",2018,53.7989,-6.2217,0.866339235846991,51
"IRL","PortOriel",2019,53.7989,-6.2217,0.629895890458036,52
"IRL","PortOriel",2020,53.7989,-6.2217,0.929125044855588,53
"IRL","PortOriel",2021,53.7989,-6.2217,0.706059160964784,54
"IRL","PortOriel",2022,53.7989,-6.2217,1.28200725365112,55
"IRL","PortOriel",2023,53.7989,-6.2217,0.646580629027973,56
"IRL","PortOriel",2024,53.7989,-6.2217,1.17519509265566,57
"IRL","PortOriel",2025,53.7989,-6.2217,0.940062180021832,58
"IRL","RingaskiddyNMCI",1968,51.84,-8.304,NA,1
"IRL","RingaskiddyNMCI",1969,51.84,-8.304,NA,2
"IRL","RingaskiddyNMCI",1970,51.84,-8.304,NA,3
"IRL","RingaskiddyNMCI",1971,51.84,-8.304,NA,4
"IRL","RingaskiddyNMCI",1972,51.84,-8.304,NA,5
"IRL","RingaskiddyNMCI",1973,51.84,-8.304,NA,6
"IRL","RingaskiddyNMCI",1974,51.84,-8.304,NA,7
"IRL","RingaskiddyNMCI",1975,51.84,-8.304,NA,8
"IRL","RingaskiddyNMCI",1976,51.84,-8.304,NA,9
"IRL","RingaskiddyNMCI",1977,51.84,-8.304,NA,10
"IRL","RingaskiddyNMCI",1978,51.84,-8.304,NA,11
"IRL","RingaskiddyNMCI",1979,51.84,-8.304,NA,12
"IRL","RingaskiddyNMCI",1980,51.84,-8.304,NA,13
"IRL","RingaskiddyNMCI",1981,51.84,-8.304,NA,14
"IRL","RingaskiddyNMCI",1982,51.84,-8.304,NA,15
"IRL","RingaskiddyNMCI",1983,51.84,-8.304,NA,16
"IRL","RingaskiddyNMCI",1984,51.84,-8.304,NA,17
"IRL","RingaskiddyNMCI",1985,51.84,-8.304,NA,18
"IRL","RingaskiddyNMCI",1986,51.84,-8.304,NA,19
"IRL","RingaskiddyNMCI",1987,51.84,-8.304,NA,20
"IRL","RingaskiddyNMCI",1988,51.84,-8.304,NA,21
"IRL","RingaskiddyNMCI",1989,51.84,-8.304,NA,22
"IRL","RingaskiddyNMCI",1990,51.84,-8.304,NA,23
"IRL","RingaskiddyNMCI",1991,51.84,-8.304,NA,24
"IRL","RingaskiddyNMCI",1992,51.84,-8.304,NA,25
"IRL","RingaskiddyNMCI",1993,51.84,-8.304,NA,26
"IRL","RingaskiddyNMCI",1994,51.84,-8.304,NA,27
"IRL","RingaskiddyNMCI",1995,51.84,-8.304,NA,28
"IRL","RingaskiddyNMCI",1996,51.84,-8.304,NA,29
"IRL","RingaskiddyNMCI",1997,51.84,-8.304,NA,30
"IRL","RingaskiddyNMCI",1998,51.84,-8.304,NA,31
"IRL","RingaskiddyNMCI",1999,51.84,-8.304,NA,32
"IRL","RingaskiddyNMCI",2000,51.84,-8.304,NA,33
"IRL","RingaskiddyNMCI",2001,51.84,-8.304,NA,34
"IRL","RingaskiddyNMCI",2002,51.84,-8.304,NA,35
"IRL","RingaskiddyNMCI",2003,51.84,-8.304,NA,36
"IRL","RingaskiddyNMCI",2004,51.84,-8.304,NA,37
"IRL","RingaskiddyNMCI",2005,51.84,-8.304,NA,38
"IRL","RingaskiddyNMCI",2006,51.84,-8.304,NA,39
"IRL","RingaskiddyNMCI",2007,51.84,-8.304,NA,40
"IRL","RingaskiddyNMCI",2008,51.84,-8.304,NA,41
"IRL","RingaskiddyNMCI",2009,51.84,-8.304,NA,42
"IRL","RingaskiddyNMCI",2010,51.84,-8.304,NA,43
"IRL","RingaskiddyNMCI",2011,51.84,-8.304,0.0653495761249976,44
"IRL","RingaskiddyNMCI",2012,51.84,-8.304,0.731328231017348,45
"IRL","RingaskiddyNMCI",2013,51.84,-8.304,0.634634531551866,46
"IRL","RingaskiddyNMCI",2014,51.84,-8.304,1.05085535460929,47
"IRL","RingaskiddyNMCI",2015,51.84,-8.304,0.705894180767054,48
"IRL","RingaskiddyNMCI",2016,51.84,-8.304,0.594264193889366,49
"IRL","RingaskiddyNMCI",2017,51.84,-8.304,1.01507051098599,50
"IRL","RingaskiddyNMCI",2018,51.84,-8.304,0.905758762436488,51
"IRL","RingaskiddyNMCI",2019,51.84,-8.304,0.716770278395641,52
"IRL","RingaskiddyNMCI",2020,51.84,-8.304,0.857483284418812,53
"IRL","RingaskiddyNMCI",2021,51.84,-8.304,0.576576721751889,54
"IRL","RingaskiddyNMCI",2022,51.84,-8.304,0.579582416240955,55
"IRL","RingaskiddyNMCI",2023,51.84,-8.304,0.614469979367722,56
"IRL","RingaskiddyNMCI",2024,51.84,-8.304,0.856872224125827,57
"IRL","RingaskiddyNMCI",2025,51.84,-8.304,1.53835889983743,58
"IRL","RoonaghPier",1968,53.76235,-9.90442,NA,1
"IRL","RoonaghPier",1969,53.76235,-9.90442,NA,2
"IRL","RoonaghPier",1970,53.76235,-9.90442,NA,3
"IRL","RoonaghPier",1971,53.76235,-9.90442,NA,4
"IRL","RoonaghPier",1972,53.76235,-9.90442,NA,5
"IRL","RoonaghPier",1973,53.76235,-9.90442,NA,6
"IRL","RoonaghPier",1974,53.76235,-9.90442,NA,7
"IRL","RoonaghPier",1975,53.76235,-9.90442,NA,8
"IRL","RoonaghPier",1976,53.76235,-9.90442,NA,9
"IRL","RoonaghPier",1977,53.76235,-9.90442,NA,10
"IRL","RoonaghPier",1978,53.76235,-9.90442,NA,11
"IRL","RoonaghPier",1979,53.76235,-9.90442,NA,12
"IRL","RoonaghPier",1980,53.76235,-9.90442,NA,13
"IRL","RoonaghPier",1981,53.76235,-9.90442,NA,14
"IRL","RoonaghPier",1982,53.76235,-9.90442,NA,15
"IRL","RoonaghPier",1983,53.76235,-9.90442,NA,16
"IRL","RoonaghPier",1984,53.76235,-9.90442,NA,17
"IRL","RoonaghPier",1985,53.76235,-9.90442,NA,18
"IRL","RoonaghPier",1986,53.76235,-9.90442,NA,19
"IRL","RoonaghPier",1987,53.76235,-9.90442,NA,20
"IRL","RoonaghPier",1988,53.76235,-9.90442,NA,21
"IRL","RoonaghPier",1989,53.76235,-9.90442,NA,22
"IRL","RoonaghPier",1990,53.76235,-9.90442,NA,23
"IRL","RoonaghPier",1991,53.76235,-9.90442,NA,24
"IRL","RoonaghPier",1992,53.76235,-9.90442,NA,25
"IRL","RoonaghPier",1993,53.76235,-9.90442,NA,26
"IRL","RoonaghPier",1994,53.76235,-9.90442,NA,27
"IRL","RoonaghPier",1995,53.76235,-9.90442,NA,28
"IRL","RoonaghPier",1996,53.76235,-9.90442,NA,29
"IRL","RoonaghPier",1997,53.76235,-9.90442,NA,30
"IRL","RoonaghPier",1998,53.76235,-9.90442,NA,31
"IRL","RoonaghPier",1999,53.76235,-9.90442,NA,32
"IRL","RoonaghPier",2000,53.76235,-9.90442,NA,33
"IRL","RoonaghPier",2001,53.76235,-9.90442,NA,34
"IRL","RoonaghPier",2002,53.76235,-9.90442,NA,35
"IRL","RoonaghPier",2003,53.76235,-9.90442,NA,36
"IRL","RoonaghPier",2004,53.76235,-9.90442,NA,37
"IRL","RoonaghPier",2005,53.76235,-9.90442,NA,38
"IRL","RoonaghPier",2006,53.76235,-9.90442,NA,39
"IRL","RoonaghPier",2007,53.76235,-9.90442,NA,40
"IRL","RoonaghPier",2008,53.76235,-9.90442,NA,41
"IRL","RoonaghPier",2009,53.76235,-9.90442,NA,42
"IRL","RoonaghPier",2010,53.76235,-9.90442,NA,43
"IRL","RoonaghPier",2011,53.76235,-9.90442,NA,44
"IRL","RoonaghPier",2012,53.76235,-9.90442,NA,45
"IRL","RoonaghPier",2013,53.76235,-9.90442,NA,46
"IRL","RoonaghPier",2014,53.76235,-9.90442,NA,47
"IRL","RoonaghPier",2015,53.76235,-9.90442,NA,48
"IRL","RoonaghPier",2016,53.76235,-9.90442,NA,49
"IRL","RoonaghPier",2017,53.76235,-9.90442,0.814619794670886,50
"IRL","RoonaghPier",2018,53.76235,-9.90442,0.508520932029981,51
"IRL","RoonaghPier",2019,53.76235,-9.90442,NA,52
"IRL","RoonaghPier",2020,53.76235,-9.90442,NA,53
"IRL","RoonaghPier",2021,53.76235,-9.90442,NA,54
"IRL","RoonaghPier",2022,53.76235,-9.90442,NA,55
"IRL","RoonaghPier",2023,53.76235,-9.90442,NA,56
"IRL","RoonaghPier",2024,53.76235,-9.90442,0.283348009539502,57
"IRL","RoonaghPier",2025,53.76235,-9.90442,NA,58
"IRL","Rosslare",1968,52.2546,-6.334861,NA,1
"IRL","Rosslare",1969,52.2546,-6.334861,NA,2
"IRL","Rosslare",1970,52.2546,-6.334861,NA,3
"IRL","Rosslare",1971,52.2546,-6.334861,NA,4
"IRL","Rosslare",1972,52.2546,-6.334861,NA,5
"IRL","Rosslare",1973,52.2546,-6.334861,NA,6
"IRL","Rosslare",1974,52.2546,-6.334861,NA,7
"IRL","Rosslare",1975,52.2546,-6.334861,NA,8
"IRL","Rosslare",1976,52.2546,-6.334861,NA,9
"IRL","Rosslare",1977,52.2546,-6.334861,NA,10
"IRL","Rosslare",1978,52.2546,-6.334861,NA,11
"IRL","Rosslare",1979,52.2546,-6.334861,NA,12
"IRL","Rosslare",1980,52.2546,-6.334861,NA,13
"IRL","Rosslare",1981,52.2546,-6.334861,NA,14
"IRL","Rosslare",1982,52.2546,-6.334861,NA,15
"IRL","Rosslare",1983,52.2546,-6.334861,NA,16
"IRL","Rosslare",1984,52.2546,-6.334861,NA,17
"IRL","Rosslare",1985,52.2546,-6.334861,NA,18
"IRL","Rosslare",1986,52.2546,-6.334861,NA,19
"IRL","Rosslare",1987,52.2546,-6.334861,NA,20
"IRL","Rosslare",1988,52.2546,-6.334861,NA,21
"IRL","Rosslare",1989,52.2546,-6.334861,NA,22
"IRL","Rosslare",1990,52.2546,-6.334861,NA,23
"IRL","Rosslare",1991,52.2546,-6.334861,NA,24
"IRL","Rosslare",1992,52.2546,-6.334861,NA,25
"IRL","Rosslare",1993,52.2546,-6.334861,NA,26
"IRL","Rosslare",1994,52.2546,-6.334861,NA,27
"IRL","Rosslare",1995,52.2546,-6.334861,NA,28
"IRL","Rosslare",1996,52.2546,-6.334861,NA,29
"IRL","Rosslare",1997,52.2546,-6.334861,NA,30
"IRL","Rosslare",1998,52.2546,-6.334861,NA,31
"IRL","Rosslare",1999,52.2546,-6.334861,NA,32
"IRL","Rosslare",2000,52.2546,-6.334861,NA,33
"IRL","Rosslare",2001,52.2546,-6.334861,NA,34
"IRL","Rosslare",2002,52.2546,-6.334861,NA,35
"IRL","Rosslare",2003,52.2546,-6.334861,NA,36
"IRL","Rosslare",2004,52.2546,-6.334861,NA,37
"IRL","Rosslare",2005,52.2546,-6.334861,NA,38
"IRL","Rosslare",2006,52.2546,-6.334861,NA,39
"IRL","Rosslare",2007,52.2546,-6.334861,NA,40
"IRL","Rosslare",2008,52.2546,-6.334861,NA,41
"IRL","Rosslare",2009,52.2546,-6.334861,NA,42
"IRL","Rosslare",2010,52.2546,-6.334861,NA,43
"IRL","Rosslare",2011,52.2546,-6.334861,NA,44
"IRL","Rosslare",2012,52.2546,-6.334861,NA,45
"IRL","Rosslare",2013,52.2546,-6.334861,NA,46
"IRL","Rosslare",2014,52.2546,-6.334861,NA,47
"IRL","Rosslare",2015,52.2546,-6.334861,NA,48
"IRL","Rosslare",2016,52.2546,-6.334861,NA,49
"IRL","Rosslare",2017,52.2546,-6.334861,NA,50
"IRL","Rosslare",2018,52.2546,-6.334861,0.532744808808297,51
"IRL","Rosslare",2019,52.2546,-6.334861,1.03629502402086,52
"IRL","Rosslare",2020,52.2546,-6.334861,0.789666233919322,53
"IRL","Rosslare",2021,52.2546,-6.334861,0.617495053695946,54
"IRL","Rosslare",2022,52.2546,-6.334861,0.576266415019012,55
"IRL","Rosslare",2023,52.2546,-6.334861,0.660605142430832,56
"IRL","Rosslare",2024,52.2546,-6.334861,0.461904692078963,57
"IRL","Rosslare",2025,52.2546,-6.334861,NA,58
"IRL","SkerriesHarbour",1968,53.585,-6.1081,NA,1
"IRL","SkerriesHarbour",1969,53.585,-6.1081,NA,2
"IRL","SkerriesHarbour",1970,53.585,-6.1081,NA,3
"IRL","SkerriesHarbour",1971,53.585,-6.1081,NA,4
"IRL","SkerriesHarbour",1972,53.585,-6.1081,NA,5
"IRL","SkerriesHarbour",1973,53.585,-6.1081,NA,6
"IRL","SkerriesHarbour",1974,53.585,-6.1081,NA,7
"IRL","SkerriesHarbour",1975,53.585,-6.1081,NA,8
"IRL","SkerriesHarbour",1976,53.585,-6.1081,NA,9
"IRL","SkerriesHarbour",1977,53.585,-6.1081,NA,10
"IRL","SkerriesHarbour",1978,53.585,-6.1081,NA,11
"IRL","SkerriesHarbour",1979,53.585,-6.1081,NA,12
"IRL","SkerriesHarbour",1980,53.585,-6.1081,NA,13
"IRL","SkerriesHarbour",1981,53.585,-6.1081,NA,14
"IRL","SkerriesHarbour",1982,53.585,-6.1081,NA,15
"IRL","SkerriesHarbour",1983,53.585,-6.1081,NA,16
"IRL","SkerriesHarbour",1984,53.585,-6.1081,NA,17
"IRL","SkerriesHarbour",1985,53.585,-6.1081,NA,18
"IRL","SkerriesHarbour",1986,53.585,-6.1081,NA,19
"IRL","SkerriesHarbour",1987,53.585,-6.1081,NA,20
"IRL","SkerriesHarbour",1988,53.585,-6.1081,NA,21
"IRL","SkerriesHarbour",1989,53.585,-6.1081,NA,22
"IRL","SkerriesHarbour",1990,53.585,-6.1081,NA,23
"IRL","SkerriesHarbour",1991,53.585,-6.1081,NA,24
"IRL","SkerriesHarbour",1992,53.585,-6.1081,NA,25
"IRL","SkerriesHarbour",1993,53.585,-6.1081,NA,26
"IRL","SkerriesHarbour",1994,53.585,-6.1081,NA,27
"IRL","SkerriesHarbour",1995,53.585,-6.1081,NA,28
"IRL","SkerriesHarbour",1996,53.585,-6.1081,NA,29
"IRL","SkerriesHarbour",1997,53.585,-6.1081,NA,30
"IRL","SkerriesHarbour",1998,53.585,-6.1081,NA,31
"IRL","SkerriesHarbour",1999,53.585,-6.1081,NA,32
"IRL","SkerriesHarbour",2000,53.585,-6.1081,NA,33
"IRL","SkerriesHarbour",2001,53.585,-6.1081,NA,34
"IRL","SkerriesHarbour",2002,53.585,-6.1081,NA,35
"IRL","SkerriesHarbour",2003,53.585,-6.1081,NA,36
"IRL","SkerriesHarbour",2004,53.585,-6.1081,NA,37
"IRL","SkerriesHarbour",2005,53.585,-6.1081,NA,38
"IRL","SkerriesHarbour",2006,53.585,-6.1081,1.32426750259896,39
"IRL","SkerriesHarbour",2007,53.585,-6.1081,2.64667633174965,40
"IRL","SkerriesHarbour",2008,53.585,-6.1081,1.62610777202739,41
"IRL","SkerriesHarbour",2009,53.585,-6.1081,2.71860525739347,42
"IRL","SkerriesHarbour",2010,53.585,-6.1081,0.982474745205408,43
"IRL","SkerriesHarbour",2011,53.585,-6.1081,NA,44
"IRL","SkerriesHarbour",2012,53.585,-6.1081,NA,45
"IRL","SkerriesHarbour",2013,53.585,-6.1081,0.851551177149483,46
"IRL","SkerriesHarbour",2014,53.585,-6.1081,0.961514627968416,47
"IRL","SkerriesHarbour",2015,53.585,-6.1081,0.986938913195032,48
"IRL","SkerriesHarbour",2016,53.585,-6.1081,NA,49
"IRL","SkerriesHarbour",2017,53.585,-6.1081,NA,50
"IRL","SkerriesHarbour",2018,53.585,-6.1081,NA,51
"IRL","SkerriesHarbour",2019,53.585,-6.1081,NA,52
"IRL","SkerriesHarbour",2020,53.585,-6.1081,NA,53
"IRL","SkerriesHarbour",2021,53.585,-6.1081,NA,54
"IRL","SkerriesHarbour",2022,53.585,-6.1081,NA,55
"IRL","SkerriesHarbour",2023,53.585,-6.1081,NA,56
"IRL","SkerriesHarbour",2024,53.585,-6.1081,NA,57
"IRL","SkerriesHarbour",2025,53.585,-6.1081,NA,58
"IRL","Sligo",1968,54.3099,-8.582,NA,1
"IRL","Sligo",1969,54.3099,-8.582,NA,2
"IRL","Sligo",1970,54.3099,-8.582,NA,3
"IRL","Sligo",1971,54.3099,-8.582,NA,4
"IRL","Sligo",1972,54.3099,-8.582,NA,5
"IRL","Sligo",1973,54.3099,-8.582,NA,6
"IRL","Sligo",1974,54.3099,-8.582,NA,7
"IRL","Sligo",1975,54.3099,-8.582,NA,8
"IRL","Sligo",1976,54.3099,-8.582,NA,9
"IRL","Sligo",1977,54.3099,-8.582,NA,10
"IRL","Sligo",1978,54.3099,-8.582,NA,11
"IRL","Sligo",1979,54.3099,-8.582,NA,12
"IRL","Sligo",1980,54.3099,-8.582,NA,13
"IRL","Sligo",1981,54.3099,-8.582,NA,14
"IRL","Sligo",1982,54.3099,-8.582,NA,15
"IRL","Sligo",1983,54.3099,-8.582,NA,16
"IRL","Sligo",1984,54.3099,-8.582,NA,17
"IRL","Sligo",1985,54.3099,-8.582,NA,18
"IRL","Sligo",1986,54.3099,-8.582,NA,19
"IRL","Sligo",1987,54.3099,-8.582,NA,20
"IRL","Sligo",1988,54.3099,-8.582,NA,21
"IRL","Sligo",1989,54.3099,-8.582,NA,22
"IRL","Sligo",1990,54.3099,-8.582,NA,23
"IRL","Sligo",1991,54.3099,-8.582,NA,24
"IRL","Sligo",1992,54.3099,-8.582,NA,25
"IRL","Sligo",1993,54.3099,-8.582,NA,26
"IRL","Sligo",1994,54.3099,-8.582,NA,27
"IRL","Sligo",1995,54.3099,-8.582,NA,28
"IRL","Sligo",1996,54.3099,-8.582,NA,29
"IRL","Sligo",1997,54.3099,-8.582,NA,30
"IRL","Sligo",1998,54.3099,-8.582,NA,31
"IRL","Sligo",1999,54.3099,-8.582,NA,32
"IRL","Sligo",2000,54.3099,-8.582,NA,33
"IRL","Sligo",2001,54.3099,-8.582,NA,34
"IRL","Sligo",2002,54.3099,-8.582,NA,35
"IRL","Sligo",2003,54.3099,-8.582,NA,36
"IRL","Sligo",2004,54.3099,-8.582,NA,37
"IRL","Sligo",2005,54.3099,-8.582,NA,38
"IRL","Sligo",2006,54.3099,-8.582,NA,39
"IRL","Sligo",2007,54.3099,-8.582,NA,40
"IRL","Sligo",2008,54.3099,-8.582,0.707184640936328,41
"IRL","Sligo",2009,54.3099,-8.582,1.13336088958256,42
"IRL","Sligo",2010,54.3099,-8.582,1.09748784401487,43
"IRL","Sligo",2011,54.3099,-8.582,1.01297288705394,44
"IRL","Sligo",2012,54.3099,-8.582,1.23051729950638,45
"IRL","Sligo",2013,54.3099,-8.582,0.77483813000994,46
"IRL","Sligo",2014,54.3099,-8.582,NA,47
"IRL","Sligo",2015,54.3099,-8.582,NA,48
"IRL","Sligo",2016,54.3099,-8.582,NA,49
"IRL","Sligo",2017,54.3099,-8.582,0.716379721965046,50
"IRL","Sligo",2018,54.3099,-8.582,0.921389787041598,51
"IRL","Sligo",2019,54.3099,-8.582,1.01331133118458,52
"IRL","Sligo",2020,54.3099,-8.582,1.29412844998786,53
"IRL","Sligo",2021,54.3099,-8.582,0.654066515663534,54
"IRL","Sligo",2022,54.3099,-8.582,0.669118117288237,55
"IRL","Sligo",2023,54.3099,-8.582,0.85233098599664,56
"IRL","Sligo",2024,54.3099,-8.582,0.512036345221583,57
"IRL","Sligo",2025,54.3099,-8.582,NA,58
"IRL","UnionHallHarbor",1968,51.558964,-9.13349,NA,1
"IRL","UnionHallHarbor",1969,51.558964,-9.13349,NA,2
"IRL","UnionHallHarbor",1970,51.558964,-9.13349,NA,3
"IRL","UnionHallHarbor",1971,51.558964,-9.13349,NA,4
"IRL","UnionHallHarbor",1972,51.558964,-9.13349,NA,5
"IRL","UnionHallHarbor",1973,51.558964,-9.13349,NA,6
"IRL","UnionHallHarbor",1974,51.558964,-9.13349,NA,7
"IRL","UnionHallHarbor",1975,51.558964,-9.13349,NA,8
"IRL","UnionHallHarbor",1976,51.558964,-9.13349,NA,9
"IRL","UnionHallHarbor",1977,51.558964,-9.13349,NA,10
"IRL","UnionHallHarbor",1978,51.558964,-9.13349,NA,11
"IRL","UnionHallHarbor",1979,51.558964,-9.13349,NA,12
"IRL","UnionHallHarbor",1980,51.558964,-9.13349,NA,13
"IRL","UnionHallHarbor",1981,51.558964,-9.13349,NA,14
"IRL","UnionHallHarbor",1982,51.558964,-9.13349,NA,15
"IRL","UnionHallHarbor",1983,51.558964,-9.13349,NA,16
"IRL","UnionHallHarbor",1984,51.558964,-9.13349,NA,17
"IRL","UnionHallHarbor",1985,51.558964,-9.13349,NA,18
"IRL","UnionHallHarbor",1986,51.558964,-9.13349,NA,19
"IRL","UnionHallHarbor",1987,51.558964,-9.13349,NA,20
"IRL","UnionHallHarbor",1988,51.558964,-9.13349,NA,21
"IRL","UnionHallHarbor",1989,51.558964,-9.13349,NA,22
"IRL","UnionHallHarbor",1990,51.558964,-9.13349,NA,23
"IRL","UnionHallHarbor",1991,51.558964,-9.13349,NA,24
"IRL","UnionHallHarbor",1992,51.558964,-9.13349,NA,25
"IRL","UnionHallHarbor",1993,51.558964,-9.13349,NA,26
"IRL","UnionHallHarbor",1994,51.558964,-9.13349,NA,27
"IRL","UnionHallHarbor",1995,51.558964,-9.13349,NA,28
"IRL","UnionHallHarbor",1996,51.558964,-9.13349,NA,29
"IRL","UnionHallHarbor",1997,51.558964,-9.13349,NA,30
"IRL","UnionHallHarbor",1998,51.558964,-9.13349,NA,31
"IRL","UnionHallHarbor",1999,51.558964,-9.13349,NA,32
"IRL","UnionHallHarbor",2000,51.558964,-9.13349,NA,33
"IRL","UnionHallHarbor",2001,51.558964,-9.13349,NA,34
"IRL","UnionHallHarbor",2002,51.558964,-9.13349,NA,35
"IRL","UnionHallHarbor",2003,51.558964,-9.13349,NA,36
"IRL","UnionHallHarbor",2004,51.558964,-9.13349,NA,37
"IRL","UnionHallHarbor",2005,51.558964,-9.13349,NA,38
"IRL","UnionHallHarbor",2006,51.558964,-9.13349,NA,39
"IRL","UnionHallHarbor",2007,51.558964,-9.13349,NA,40
"IRL","UnionHallHarbor",2008,51.558964,-9.13349,NA,41
"IRL","UnionHallHarbor",2009,51.558964,-9.13349,NA,42
"IRL","UnionHallHarbor",2010,51.558964,-9.13349,NA,43
"IRL","UnionHallHarbor",2011,51.558964,-9.13349,NA,44
"IRL","UnionHallHarbor",2012,51.558964,-9.13349,NA,45
"IRL","UnionHallHarbor",2013,51.558964,-9.13349,NA,46
"IRL","UnionHallHarbor",2014,51.558964,-9.13349,NA,47
"IRL","UnionHallHarbor",2015,51.558964,-9.13349,NA,48
"IRL","UnionHallHarbor",2016,51.558964,-9.13349,NA,49
"IRL","UnionHallHarbor",2017,51.558964,-9.13349,NA,50
"IRL","UnionHallHarbor",2018,51.558964,-9.13349,NA,51
"IRL","UnionHallHarbor",2019,51.558964,-9.13349,NA,52
"IRL","UnionHallHarbor",2020,51.558964,-9.13349,0.718962639488376,53
"IRL","UnionHallHarbor",2021,51.558964,-9.13349,0.745335896412895,54
"IRL","UnionHallHarbor",2022,51.558964,-9.13349,0.671273270027441,55
"IRL","UnionHallHarbor",2023,51.558964,-9.13349,0.609949603582055,56
"IRL","UnionHallHarbor",2024,51.558964,-9.13349,0.367011835022863,57
"IRL","UnionHallHarbor",2025,51.558964,-9.13349,NA,58
"IRL","WexfordHarbour",1968,52.3385,-6.4589,NA,1
"IRL","WexfordHarbour",1969,52.3385,-6.4589,NA,2
"IRL","WexfordHarbour",1970,52.3385,-6.4589,NA,3
"IRL","WexfordHarbour",1971,52.3385,-6.4589,NA,4
"IRL","WexfordHarbour",1972,52.3385,-6.4589,NA,5
"IRL","WexfordHarbour",1973,52.3385,-6.4589,NA,6
"IRL","WexfordHarbour",1974,52.3385,-6.4589,NA,7
"IRL","WexfordHarbour",1975,52.3385,-6.4589,NA,8
"IRL","WexfordHarbour",1976,52.3385,-6.4589,NA,9
"IRL","WexfordHarbour",1977,52.3385,-6.4589,NA,10
"IRL","WexfordHarbour",1978,52.3385,-6.4589,NA,11
"IRL","WexfordHarbour",1979,52.3385,-6.4589,NA,12
"IRL","WexfordHarbour",1980,52.3385,-6.4589,NA,13
"IRL","WexfordHarbour",1981,52.3385,-6.4589,NA,14
"IRL","WexfordHarbour",1982,52.3385,-6.4589,NA,15
"IRL","WexfordHarbour",1983,52.3385,-6.4589,NA,16
"IRL","WexfordHarbour",1984,52.3385,-6.4589,NA,17
"IRL","WexfordHarbour",1985,52.3385,-6.4589,NA,18
"IRL","WexfordHarbour",1986,52.3385,-6.4589,NA,19
"IRL","WexfordHarbour",1987,52.3385,-6.4589,NA,20
"IRL","WexfordHarbour",1988,52.3385,-6.4589,NA,21
"IRL","WexfordHarbour",1989,52.3385,-6.4589,NA,22
"IRL","WexfordHarbour",1990,52.3385,-6.4589,NA,23
"IRL","WexfordHarbour",1991,52.3385,-6.4589,NA,24
"IRL","WexfordHarbour",1992,52.3385,-6.4589,NA,25
"IRL","WexfordHarbour",1993,52.3385,-6.4589,NA,26
"IRL","WexfordHarbour",1994,52.3385,-6.4589,NA,27
"IRL","WexfordHarbour",1995,52.3385,-6.4589,NA,28
"IRL","WexfordHarbour",1996,52.3385,-6.4589,NA,29
"IRL","WexfordHarbour",1997,52.3385,-6.4589,NA,30
"IRL","WexfordHarbour",1998,52.3385,-6.4589,NA,31
"IRL","WexfordHarbour",1999,52.3385,-6.4589,NA,32
"IRL","WexfordHarbour",2000,52.3385,-6.4589,NA,33
"IRL","WexfordHarbour",2001,52.3385,-6.4589,NA,34
"IRL","WexfordHarbour",2002,52.3385,-6.4589,NA,35
"IRL","WexfordHarbour",2003,52.3385,-6.4589,NA,36
"IRL","WexfordHarbour",2004,52.3385,-6.4589,NA,37
"IRL","WexfordHarbour",2005,52.3385,-6.4589,NA,38
"IRL","WexfordHarbour",2006,52.3385,-6.4589,NA,39
"IRL","WexfordHarbour",2007,52.3385,-6.4589,0.567205997807648,40
"IRL","WexfordHarbour",2008,52.3385,-6.4589,0.808877648154074,41
"IRL","WexfordHarbour",2009,52.3385,-6.4589,0.82407290289847,42
"IRL","WexfordHarbour",2010,52.3385,-6.4589,0.817680059723484,43
"IRL","WexfordHarbour",2011,52.3385,-6.4589,0.689837582233823,44
"IRL","WexfordHarbour",2012,52.3385,-6.4589,0.675828457899104,45
"IRL","WexfordHarbour",2013,52.3385,-6.4589,0.826346208680532,46
"IRL","WexfordHarbour",2014,52.3385,-6.4589,1.35196513892208,47
"IRL","WexfordHarbour",2015,52.3385,-6.4589,0.568301185298336,48
"IRL","WexfordHarbour",2016,52.3385,-6.4589,NA,49
"IRL","WexfordHarbour",2017,52.3385,-6.4589,NA,50
"IRL","WexfordHarbour",2018,52.3385,-6.4589,NA,51
"IRL","WexfordHarbour",2019,52.3385,-6.4589,0.858379465559118,52
"IRL","WexfordHarbour",2020,52.3385,-6.4589,0.854376057690899,53
"IRL","WexfordHarbour",2021,52.3385,-6.4589,0.763434935283164,54
"IRL","WexfordHarbour",2022,52.3385,-6.4589,0.765631541570001,55
"IRL","WexfordHarbour",2023,52.3385,-6.4589,0.787494731117367,56
"IRL","WexfordHarbour",2024,52.3385,-6.4589,0.482625621936193,57
"IRL","WexfordHarbour",2025,52.3385,-6.4589,NA,58
